task,phase,learner,seed,hidden,second_hidden_or_gru,gru_size,optimizer,learning_rate,lr_schedule,gamma,gae_lambda,ppo_clip,entropy_coefficient,value_coefficient,ppo_epochs,minibatch_count,parallel_envs,ticks,readout,training_transitions,imitation_transitions,score,state_dependence,action_distribution,policy_entropy,finite,wall_seconds,peak_memory_mb,checkpoint,checkpoint_sha256,result_sha256,failure_reason,last_update
catch,primary,gru,0,128,64,64,Adam,0.0003,linear decay to 5 percent floor,0.99,0.95,0.2,0.003,0.5,4,8,16,4,descending,65536,0,0.20416666666666666,0.025000000000000022,"[0.934375, 0.0, 0.065625]",0.9768329115698379,True,16.564801330736373,232.75,runs/v14/catch-primary-gru-s0/checkpoint.pkl,1e3a2e827c9bfd76293b15b2180aff3e82523a4276ab1326a7b13cc531529f41,c0fd3978f811b166f7446ede9952b8864a1520516cd3cbbf1c4e808ceb3abf76,,"{""update"": 32, ""transitions"": 65536, ""episodes"": 2720, ""level"": ""target"", ""lr"": 1.4999999999999999e-05, ""wall_seconds"": 16.564801330736373, ""transitions_per_second"": 3988.610320913055, ""train_success"": 0.22166666666666668, ""train_return"": -3.3609999999999998, ""rollout_action_fractions"": [1031, 244, 773], ""loss"": 0.45209681363151805, ""policy_loss"": -0.00013896950483389264, ""value_loss"": 0.9103192910107207, ""entropy"": 0.9746207896694818, ""approx_kl"": 6.115167276976279e-06, ""clip_fraction"": 0.0, ""grad_norm"": 1.1402510060274667, ""minibatch_updates"": 32, ""finite"": true}"
catch,primary,gru,1,128,64,64,Adam,0.0003,linear decay to 5 percent floor,0.99,0.95,0.2,0.003,0.5,4,8,16,4,descending,65536,0,0.1875,0.0,"[0.0, 1.0, 0.0]",0.8152259036223463,True,16.54516449890798,234.921875,runs/v14/catch-primary-gru-s1/checkpoint.pkl,199a80e05b27c1829810d920012db56ee1e16b1085a15da277204896101138b5,918ab7f0db435bfeff6768558e23aa3065fbfb11cb44465b89d6de9d510ad2b9,,"{""update"": 32, ""transitions"": 65536, ""episodes"": 2720, ""level"": ""target"", ""lr"": 1.4999999999999999e-05, ""wall_seconds"": 16.54516449890798, ""transitions_per_second"": 3970.1768224825682, ""train_success"": 0.22, ""train_return"": -3.375, ""rollout_action_fractions"": [228, 1420, 400], ""loss"": 0.4577280341332782, ""policy_loss"": -0.00017693199412206415, ""value_loss"": 0.9206769592256384, ""entropy"": 0.8111711618063215, ""approx_kl"": 4.816014718453664e-06, ""clip_fraction"": 0.0, ""grad_norm"": 0.9205385720784854, ""minibatch_updates"": 32, ""finite"": true}"
catch,primary,gru,2,128,64,64,Adam,0.0003,linear decay to 5 percent floor,0.99,0.95,0.2,0.003,0.5,4,8,16,4,descending,65536,0,0.2458333333333333,0.0,"[0.041666666666666664, 0.0, 0.9583333333333334]",1.066434526361496,True,16.7459875838249,247.15625,runs/v14/catch-primary-gru-s2/checkpoint.pkl,1b6734417620bf8463aa2cab8c72cdb61d046070e91d63bf49377cbdbde3b226,bf7bb658128607df84aae5afc81748e69e2df849c8fcdc009186a20f336f9911,,"{""update"": 32, ""transitions"": 65536, ""episodes"": 2720, ""level"": ""target"", ""lr"": 1.4999999999999999e-05, ""wall_seconds"": 16.7459875838249, ""transitions_per_second"": 3980.0353651646087, ""train_success"": 0.20666666666666667, ""train_return"": -3.5710000000000006, ""rollout_action_fractions"": [500, 661, 887], ""loss"": 0.4748544138311016, ""policy_loss"": -0.00019851062501403255, ""value_loss"": 0.9564967242349636, ""entropy"": 1.0651458871220396, ""approx_kl"": 3.310925644140278e-05, ""clip_fraction"": 0.0, ""grad_norm"": 1.5822361928027395, ""minibatch_updates"": 32, ""finite"": true}"
catch,primary,linear,0,0,0,0,Adam,0.0003,linear decay to 5 percent floor,0.99,0.95,0.2,0.003,0.5,4,8,16,4,descending,65536,0,0.7291666666666666,0.275,"[0.2916666666666667, 0.4197916666666667, 0.28854166666666664]",0.8227003126002412,True,13.139494629111141,191.0,runs/v14/catch-primary-linear-s0/checkpoint.pkl,eb06b373b461aa6be076d7569d153c8316095bff8ba387c2507e2c4cfab5da9a,8a1604919edfbd4729a44bfe69a557a0be279b0bcb5fac4607a9c324fced9c9a,,"{""update"": 32, ""transitions"": 65536, ""episodes"": 2720, ""level"": ""target"", ""lr"": 1.4999999999999999e-05, ""wall_seconds"": 13.139494629111141, ""transitions_per_second"": 5015.885884032081, ""train_success"": 0.42500000000000004, ""train_return"": -0.5219999999999999, ""rollout_action_fractions"": [686, 674, 688], ""loss"": 0.5147823239747755, ""policy_loss"": -0.0014710919471499478, ""value_loss"": 1.0375260957840378, ""entropy"": 0.8365439900311427, ""approx_kl"": 9.300078990944649e-06, ""clip_fraction"": 0.0, ""grad_norm"": 2.137182426472641, ""minibatch_updates"": 32, ""finite"": true}"
catch,primary,linear,1,0,0,0,Adam,0.0003,linear decay to 5 percent floor,0.99,0.95,0.2,0.003,0.5,4,8,16,4,descending,65536,0,0.7041666666666666,0.5,"[0.28541666666666665, 0.4322916666666667, 0.28229166666666666]",0.842262893223252,True,13.181887830316555,189.625,runs/v14/catch-primary-linear-s1/checkpoint.pkl,618d054cdf2ee7bd7e1ef2f305aeb82314f9d08a4b7d558005a2b29a4e335119,0d50227a6d0b1ed177649ac870bb78bbfa95b6a465b7da7b39bbfd68be9dde28,,"{""update"": 32, ""transitions"": 65536, ""episodes"": 2720, ""level"": ""target"", ""lr"": 1.4999999999999999e-05, ""wall_seconds"": 13.181887830316555, ""transitions_per_second"": 4994.086592031428, ""train_success"": 0.4033333333333334, ""train_return"": -0.8349999999999997, ""rollout_action_fractions"": [682, 690, 676], ""loss"": 0.46543661437082195, ""policy_loss"": -0.0016575230959783218, ""value_loss"": 0.939279257997181, ""entropy"": 0.8484971772634159, ""approx_kl"": 2.0302122000133662e-05, ""clip_fraction"": 0.0, ""grad_norm"": 2.0695691330589367, ""minibatch_updates"": 32, ""finite"": true}"
catch,primary,linear,2,0,0,0,Adam,0.0003,linear decay to 5 percent floor,0.99,0.95,0.2,0.003,0.5,4,8,16,4,descending,65536,0,0.75,0.35,"[0.26979166666666665, 0.4583333333333333, 0.271875]",0.8490013864754171,True,13.16454679198796,195.375,runs/v14/catch-primary-linear-s2/checkpoint.pkl,055bdab604dd7d95a8128006d566a09f0c87a6cc862ebab442ff839567a9ccda,407130cbe9d0c33c8ff53dbca045f79ac51c6998b39751144d2f27bd448dc60f,,"{""update"": 32, ""transitions"": 65536, ""episodes"": 2720, ""level"": ""target"", ""lr"": 1.4999999999999999e-05, ""wall_seconds"": 13.16454679198796, ""transitions_per_second"": 5023.5997456129335, ""train_success"": 0.43666666666666665, ""train_return"": -0.4170000000000001, ""rollout_action_fractions"": [720, 653, 675], ""loss"": 0.5195824705583503, ""policy_loss"": -0.001494605817350384, ""value_loss"": 1.047260725763949, ""entropy"": 0.8510955020912334, ""approx_kl"": 3.188578316592528e-05, ""clip_fraction"": 0.0, ""grad_norm"": 2.1240438907691646, ""minibatch_updates"": 32, ""finite"": true}"
catch,primary,mlp,0,128,64,0,Adam,0.0003,linear decay to 5 percent floor,0.99,0.95,0.2,0.003,0.5,4,8,16,4,descending,65536,0,0.2,0.0,"[0.9958333333333333, 0.0, 0.004166666666666667]",1.0949694009837552,True,15.160395249957219,223.890625,runs/v14/catch-primary-mlp-s0/checkpoint.pkl,0c0d34dbee9eb05412c9b3cd091de94db6d0ff50c1bc667797111af89fed6f65,55753abc45c2991d2053466da929b6f1ff5e086a852b460736e0ce7948589c14,,"{""update"": 32, ""transitions"": 65536, ""episodes"": 2720, ""level"": ""target"", ""lr"": 1.4999999999999999e-05, ""wall_seconds"": 15.160395249957219, ""transitions_per_second"": 4350.688199242117, ""train_success"": 0.19833333333333336, ""train_return"": -3.6779999999999995, ""rollout_action_fractions"": [760, 630, 658], ""loss"": 0.5635652256539871, ""policy_loss"": -7.760546009337455e-06, ""value_loss"": 1.1337147099989053, ""entropy"": 1.094789599818715, ""approx_kl"": 5.301470519733656e-07, ""clip_fraction"": 0.0, ""grad_norm"": 2.1679988956852547, ""minibatch_updates"": 32, ""finite"": true}"
catch,primary,mlp,1,128,64,0,Adam,0.0003,linear decay to 5 percent floor,0.99,0.95,0.2,0.003,0.5,4,8,16,4,descending,65536,0,0.20833333333333331,0.0,"[0.041666666666666664, 0.9583333333333334, 0.0]",1.0718213090831903,True,15.21150275011314,223.421875,runs/v14/catch-primary-mlp-s1/checkpoint.pkl,62e6c0b9fc8f4a19b837d70b33288849e773d614ad2b83ccbbf6ded7358ac2f4,fce72a9d19adf60d975d6d16196fb609009ed83621eadf2f9bde8f88e5c8168f,,"{""update"": 32, ""transitions"": 65536, ""episodes"": 2720, ""level"": ""target"", ""lr"": 1.4999999999999999e-05, ""wall_seconds"": 15.21150275011314, ""transitions_per_second"": 4341.580787834052, ""train_success"": 0.19833333333333336, ""train_return"": -3.678, ""rollout_action_fractions"": [678, 885, 485], ""loss"": 0.5187925181123353, ""policy_loss"": -4.0454609899093566e-05, ""value_loss"": 1.0440958065126003, ""entropy"": 1.0716435113552132, ""approx_kl"": 4.877870521687769e-07, ""clip_fraction"": 0.0, ""grad_norm"": 2.1850113407276206, ""minibatch_updates"": 32, ""finite"": true}"
catch,primary,mlp,2,128,64,0,Adam,0.0003,linear decay to 5 percent floor,0.99,0.95,0.2,0.003,0.5,4,8,16,4,descending,65536,0,0.19999999999999998,0.19999999999999996,"[0.9770833333333333, 0.0, 0.022916666666666665]",1.086122230048566,True,15.174745210912079,217.4375,runs/v14/catch-primary-mlp-s2/checkpoint.pkl,7edb81ef36e446df70a6b5a6732c047c8d7ce818340eab5ef1169df46a6cca1d,6fdaabd4e79ee8cc26b39af2365d2b590c035a5da337bcf862a486086401c77e,,"{""update"": 32, ""transitions"": 65536, ""episodes"": 2720, ""level"": ""target"", ""lr"": 1.4999999999999999e-05, ""wall_seconds"": 15.174745210912079, ""transitions_per_second"": 4353.390976815192, ""train_success"": 0.19166666666666665, ""train_return"": -3.7479999999999993, ""rollout_action_fractions"": [857, 514, 677], ""loss"": 0.605506435894006, ""policy_loss"": -0.00012096698619473364, ""value_loss"": 1.2177750766045252, ""entropy"": 1.0867118073539683, ""approx_kl"": 1.1947562477375695e-05, ""clip_fraction"": 0.0, ""grad_norm"": 2.2321512007835844, ""minibatch_updates"": 32, ""finite"": true}"
catch,ticks,linear,0,0,0,0,Adam,0.0003,linear decay to 5 percent floor,0.99,0.95,0.2,0.003,0.5,4,8,16,8,descending,65536,0,0.9375,0.32499999999999996,"[0.21979166666666666, 0.5541666666666667, 0.22604166666666667]",0.47156193848650807,True,26.132738623127807,189.25,runs/v14/catch-ticks-linear-s0/checkpoint.pkl,03fac54bb63c6bba21b67d4a1b0bd18cd93f938954c7685588f3aa85184fbff9,3078d7a6786abba3fc9cb79c06e119dcd820dd6f107f0d3a00a4b8cf30f621e3,,"{""update"": 32, ""transitions"": 65536, ""episodes"": 2720, ""level"": ""target"", ""lr"": 1.4999999999999999e-05, ""wall_seconds"": 26.132738623127807, ""transitions_per_second"": 2434.834177713637, ""train_success"": 0.7166666666666666, ""train_return"": 3.275, ""rollout_action_fractions"": [594, 870, 584], ""loss"": 0.6682053709855327, ""policy_loss"": -0.0013531452749980365, ""value_loss"": 1.3421746062117892, ""entropy"": 0.5095956151212612, ""approx_kl"": 8.665496328540954e-06, ""clip_fraction"": 0.0, ""grad_norm"": 2.174980454566814, ""minibatch_updates"": 32, ""finite"": true}"
catch,ticks,linear,1,0,0,0,Adam,0.0003,linear decay to 5 percent floor,0.99,0.95,0.2,0.003,0.5,4,8,16,8,descending,65536,0,0.9708333333333332,0.5,"[0.24270833333333333, 0.5197916666666667, 0.2375]",0.4901004058671717,True,26.3247212509159,186.53125,runs/v14/catch-ticks-linear-s1/checkpoint.pkl,3d69fdcf06d6076575d8275d52ff0eec14e342533e9b1ba6b538d9d390e9ee9d,912be4ec218e83105cf8c11bb95fbc2311a32038fd6ad26f816a3341812ca512,,"{""update"": 32, ""transitions"": 65536, ""episodes"": 2720, ""level"": ""target"", ""lr"": 1.4999999999999999e-05, ""wall_seconds"": 26.3247212509159, ""transitions_per_second"": 2501.4988016088982, ""train_success"": 0.7349999999999999, ""train_return"": 3.51, ""rollout_action_fractions"": [589, 853, 606], ""loss"": 0.7242622594327288, ""policy_loss"": -0.001746952831362036, ""value_loss"": 1.4551205120841104, ""entropy"": 0.5170145926548074, ""approx_kl"": 6.194856234306461e-05, ""clip_fraction"": 0.0001220703125, ""grad_norm"": 2.313622468463283, ""minibatch_updates"": 32, ""finite"": true}"
catch,ticks,linear,2,0,0,0,Adam,0.0003,linear decay to 5 percent floor,0.99,0.95,0.2,0.003,0.5,4,8,16,8,descending,65536,0,0.95,0.42500000000000004,"[0.23958333333333334, 0.5177083333333333, 0.24270833333333333]",0.5155171093445251,True,26.34689325018553,181.09375,runs/v14/catch-ticks-linear-s2/checkpoint.pkl,5733ac6ca305a230cd1cc8d267e49584f143bf23e4238d0fdb68a466142ac6d9,3127ad91950a941fef11a5aa55b41538070c226d5b0740455a84d0d17aba708d,,"{""update"": 32, ""transitions"": 65536, ""episodes"": 2720, ""level"": ""target"", ""lr"": 1.4999999999999999e-05, ""wall_seconds"": 26.34689325018553, ""transitions_per_second"": 2503.346912448769, ""train_success"": 0.6900000000000002, ""train_return"": 2.927, ""rollout_action_fractions"": [626, 813, 609], ""loss"": 0.5873869109692772, ""policy_loss"": -0.0014128857831924692, ""value_loss"": 1.180776140296112, ""entropy"": 0.5294244651954485, ""approx_kl"": 1.3180477744988216e-05, ""clip_fraction"": 0.0, ""grad_norm"": 2.125433199505667, ""minibatch_updates"": 32, ""finite"": true}"
dodge,primary,gru,0,128,64,64,Adam,0.0003,linear decay to 5 percent floor,0.99,0.95,0.2,0.003,0.5,4,8,16,4,descending,65536,0,0.7625,0.0,"[0.0, 1.0, 0.0]",0.9811361919137056,True,17.119284750893712,259.265625,runs/v14/dodge-primary-gru-s0/checkpoint.pkl,70b371f0caaac0588cf4b8af32bbf4678c96f2173edb1daa773f7dd566499e3a,ac75d17e05c1a96179d9a4f4197290606020e53bcd32414d4ec2465bdfb4e94a,,"{""update"": 32, ""transitions"": 65536, ""episodes"": 2720, ""level"": ""target"", ""lr"": 1.4999999999999999e-05, ""wall_seconds"": 17.119284750893712, ""transitions_per_second"": 3824.752685477878, ""train_success"": 0.795, ""train_return"": 3.6090000000000004, ""rollout_action_fractions"": [268, 1128, 652], ""loss"": 0.5199928899971223, ""policy_loss"": -3.829487861918123e-05, ""value_loss"": 1.0459408081588184, ""entropy"": 0.9797397345558835, ""approx_kl"": 3.526948392146605e-06, ""clip_fraction"": 0.0, ""grad_norm"": 1.4382180082865508, ""minibatch_updates"": 32, ""finite"": true}"
dodge,primary,gru,1,128,64,64,Adam,0.0003,linear decay to 5 percent floor,0.99,0.95,0.2,0.003,0.5,4,8,16,4,descending,65536,0,0.8083333333333333,0.0,"[0.9583333333333334, 0.041666666666666664, 0.0]",0.9510760230857308,True,17.125906584900804,238.203125,runs/v14/dodge-primary-gru-s1/checkpoint.pkl,e39d7a7e6de41d6cc4ef78c0992bda658b2698c9395ffb6cf04030465eb88d2f,619aba4b4428d9b86e2e8a3ad2c9f5e56ef4e66ce3d7549d42412f83618058c9,,"{""update"": 32, ""transitions"": 65536, ""episodes"": 2720, ""level"": ""target"", ""lr"": 1.4999999999999999e-05, ""wall_seconds"": 17.125906584900804, ""transitions_per_second"": 3849.801657806305, ""train_success"": 0.8066666666666665, ""train_return"": 3.737, ""rollout_action_fractions"": [1096, 720, 232], ""loss"": 0.4520778230549464, ""policy_loss"": -3.963424361139167e-06, ""value_loss"": 0.909867896259844, ""entropy"": 0.9507205502048026, ""approx_kl"": 6.534174677120331e-07, ""clip_fraction"": 0.0, ""grad_norm"": 2.0667527517205144, ""minibatch_updates"": 32, ""finite"": true}"
dodge,primary,gru,2,128,64,64,Adam,0.0003,linear decay to 5 percent floor,0.99,0.95,0.2,0.003,0.5,4,8,16,4,descending,65536,0,0.7708333333333333,0.0,"[0.0, 0.0, 1.0]",0.6816580773300321,True,17.768237710057292,247.578125,runs/v14/dodge-primary-gru-s2/checkpoint.pkl,bfd503cfca1b1c903b4505c8ac7f47369676db10e5396e45c83b1cf70898ece3,5ae4992b81b3064d40706b7ec85298db4190501740c41e3725bd1b158c75ef1a,,"{""update"": 32, ""transitions"": 65536, ""episodes"": 2720, ""level"": ""target"", ""lr"": 1.4999999999999999e-05, ""wall_seconds"": 17.768237710057292, ""transitions_per_second"": 3647.9063775907057, ""train_success"": 0.8183333333333332, ""train_return"": 3.8960000000000004, ""rollout_action_fractions"": [120, 378, 1550], ""loss"": 0.46360128127419575, ""policy_loss"": -1.960118718717912e-05, ""value_loss"": 0.9313093937735768, ""entropy"": 0.6779381418018161, ""approx_kl"": 1.4656869164744276e-06, ""clip_fraction"": 0.0, ""grad_norm"": 1.8064462079584416, ""minibatch_updates"": 32, ""finite"": true}"
dodge,primary,linear,0,0,0,0,Adam,0.0003,linear decay to 5 percent floor,0.99,0.95,0.2,0.003,0.5,4,8,16,4,descending,65536,0,0.9583333333333334,0.5,"[0.18541666666666667, 0.325, 0.4895833333333333]",0.9229780017309416,True,13.27768724685302,190.3125,runs/v14/dodge-primary-linear-s0/checkpoint.pkl,c1f56f739787408a3c72e2c11e5aec78d294b944eabeae8bbae711ac0bef541d,7c2f2fe7018b9ac99f43b78c473bdca84eae64d4ffe959121b17a7aaac5ca588,,"{""update"": 32, ""transitions"": 65536, ""episodes"": 2720, ""level"": ""target"", ""lr"": 1.4999999999999999e-05, ""wall_seconds"": 13.27768724685302, ""transitions_per_second"": 4959.734956127691, ""train_success"": 0.8949999999999999, ""train_return"": 5.022000000000001, ""rollout_action_fractions"": [558, 694, 796], ""loss"": 1.0352238237472462, ""policy_loss"": -0.0013761050613507828, ""value_loss"": 2.078720124706566, ""entropy"": 0.9200445148953563, ""approx_kl"": 9.642695815588914e-06, ""clip_fraction"": 0.0, ""grad_norm"": 2.6984319157868226, ""minibatch_updates"": 32, ""finite"": true}"
dodge,primary,linear,1,0,0,0,Adam,0.0003,linear decay to 5 percent floor,0.99,0.95,0.2,0.003,0.5,4,8,16,4,descending,65536,0,0.9375,0.625,"[0.321875, 0.33958333333333335, 0.3385416666666667]",0.946307356035468,True,13.313339791784529,195.5625,runs/v14/dodge-primary-linear-s1/checkpoint.pkl,ab90179102be6203ed6211370fa01fe586e6a61a0f3133ef7940fe3cf1a2ebeb,dcffb31a5e28561e7f8b6ca53dc0d1d1b5126c67ea76f25ac22ea6242567e98e,,"{""update"": 32, ""transitions"": 65536, ""episodes"": 2720, ""level"": ""target"", ""lr"": 1.4999999999999999e-05, ""wall_seconds"": 13.313339791784529, ""transitions_per_second"": 4926.091584488797, ""train_success"": 0.885, ""train_return"": 4.865, ""rollout_action_fractions"": [714, 601, 733], ""loss"": 0.9146331271927296, ""policy_loss"": -0.001301729173802833, ""value_loss"": 1.8375694235904243, ""entropy"": 0.9499518095599325, ""approx_kl"": 7.854642426771639e-06, ""clip_fraction"": 0.0, ""grad_norm"": 2.676762066831314, ""minibatch_updates"": 32, ""finite"": true}"
dodge,primary,linear,2,0,0,0,Adam,0.0003,linear decay to 5 percent floor,0.99,0.95,0.2,0.003,0.5,4,8,16,4,descending,65536,0,0.9291666666666668,0.22499999999999998,"[0.22916666666666666, 0.33958333333333335, 0.43125]",0.9207727772746093,True,13.3046964147361,195.0625,runs/v14/dodge-primary-linear-s2/checkpoint.pkl,e1825ee8b81b32d7fe04b81ebf3f56e5aa4ea32f7d94903b108d6ac864f9e9b4,22190ca50f074714fe13e7404cf2cce0b3ac68873af4b6b91ecb2b076b02ed86,,"{""update"": 32, ""transitions"": 65536, ""episodes"": 2720, ""level"": ""target"", ""lr"": 1.4999999999999999e-05, ""wall_seconds"": 13.3046964147361, ""transitions_per_second"": 4928.780766094829, ""train_success"": 0.9083333333333331, ""train_return"": 5.199000000000001, ""rollout_action_fractions"": [629, 652, 767], ""loss"": 0.9834784359106915, ""policy_loss"": -0.0013674001132215636, ""value_loss"": 1.975190347339486, ""entropy"": 0.916445881943331, ""approx_kl"": 1.7845360179316042e-05, ""clip_fraction"": 0.0, ""grad_norm"": 2.708968514453082, ""minibatch_updates"": 32, ""finite"": true}"
dodge,primary,mlp,0,128,64,0,Adam,0.0003,linear decay to 5 percent floor,0.99,0.95,0.2,0.003,0.5,4,8,16,4,descending,65536,0,0.8625,0.0,"[0.0, 0.0, 1.0]",0.6732780847642751,True,15.495314707688522,227.1875,runs/v14/dodge-primary-mlp-s0/checkpoint.pkl,81e18b5c3d67955e2083b3737b9e325f9c1b4fb58519a6552c79ae40bca9b342,5e3254e954687cf96542682eef94dbcccb222bbf3aedde19b27fcee92539a00c,,"{""update"": 32, ""transitions"": 65536, ""episodes"": 2720, ""level"": ""target"", ""lr"": 1.4999999999999999e-05, ""wall_seconds"": 15.495314707688522, ""transitions_per_second"": 4279.254807909974, ""train_success"": 0.785, ""train_return"": 3.455, ""rollout_action_fractions"": [105, 392, 1551], ""loss"": 0.5953300133986695, ""policy_loss"": -0.00010965519152406024, ""value_loss"": 1.1949678671729036, ""entropy"": 0.681421665419415, ""approx_kl"": 8.733507404946641e-06, ""clip_fraction"": 0.0, ""grad_norm"": 1.7145228812157272, ""minibatch_updates"": 32, ""finite"": true}"
dodge,primary,mlp,1,128,64,0,Adam,0.0003,linear decay to 5 percent floor,0.99,0.95,0.2,0.003,0.5,4,8,16,4,descending,65536,0,0.7916666666666667,0.0,"[0.0, 0.0, 1.0]",0.5095970713729361,True,15.469460291787982,230.375,runs/v14/dodge-primary-mlp-s1/checkpoint.pkl,94e0eb3937bb0faaff4e5f8e53f7c30cfa7565bcf2492d6486434624278a667c,3878c3cd0c962865c4ff52549f60b215ede02fc4ffb7e1e69e4f3fb24aa5f175,,"{""update"": 32, ""transitions"": 65536, ""episodes"": 2720, ""level"": ""target"", ""lr"": 1.4999999999999999e-05, ""wall_seconds"": 15.469460291787982, ""transitions_per_second"": 4307.199966837065, ""train_success"": 0.825, ""train_return"": 4.018, ""rollout_action_fractions"": [105, 220, 1723], ""loss"": 0.5641093844627982, ""policy_loss"": -7.392767881800235e-05, ""value_loss"": 1.1314282184469184, ""entropy"": 0.5102656939476906, ""approx_kl"": 1.8621069138016052e-06, ""clip_fraction"": 0.0, ""grad_norm"": 2.118157580049618, ""minibatch_updates"": 32, ""finite"": true}"
dodge,primary,mlp,2,128,64,0,Adam,0.0003,linear decay to 5 percent floor,0.99,0.95,0.2,0.003,0.5,4,8,16,4,descending,65536,0,0.7708333333333333,0.0,"[0.0, 0.0, 1.0]",0.6088533582029461,True,15.729523048212286,232.953125,runs/v14/dodge-primary-mlp-s2/checkpoint.pkl,75d32a9b2ecad587d87bb8ab0d40a545c9fbd6d7a787ad7ba2989bb6b836577d,533f44b2e8208c7d5f2a7ac792e58af44756613d346db7a3e848a20f7e499144,,"{""update"": 32, ""transitions"": 65536, ""episodes"": 2720, ""level"": ""target"", ""lr"": 1.4999999999999999e-05, ""wall_seconds"": 15.729523048212286, ""transitions_per_second"": 4238.383544971207, ""train_success"": 0.8000000000000002, ""train_return"": 3.6659999999999995, ""rollout_action_fractions"": [73, 356, 1619], ""loss"": 0.5659212733963976, ""policy_loss"": -0.00026086445014606666, ""value_loss"": 1.136033630424463, ""entropy"": 0.6115591218959031, ""approx_kl"": 6.616200444733798e-06, ""clip_fraction"": 0.0, ""grad_norm"": 1.8414313922184293, ""minibatch_updates"": 32, ""finite"": true}"
dodge,ticks,linear,0,0,0,0,Adam,0.0003,linear decay to 5 percent floor,0.99,0.95,0.2,0.003,0.5,4,8,16,8,descending,65536,0,0.9666666666666668,0.525,"[0.15729166666666666, 0.31145833333333334, 0.53125]",0.8497477189495918,True,26.341416413837578,181.859375,runs/v14/dodge-ticks-linear-s0/checkpoint.pkl,ac89bec4c592da8842461d3d42708344df2fdc56dfd7ff0206efc19a17af9b84,35af8264b91f26a1024b46560b3a7d0feee2b41b2dde6b53baadee9847755196,,"{""update"": 32, ""transitions"": 65536, ""episodes"": 2720, ""level"": ""target"", ""lr"": 1.4999999999999999e-05, ""wall_seconds"": 26.341416413837578, ""transitions_per_second"": 2506.067598961814, ""train_success"": 0.9283333333333332, ""train_return"": 5.51, ""rollout_action_fractions"": [562, 647, 839], ""loss"": 1.3348283741051128, ""policy_loss"": -0.0012913964644414144, ""value_loss"": 2.6772801311732923, ""entropy"": 0.8400983390306442, ""approx_kl"": 1.5720530921807266e-05, ""clip_fraction"": 0.0, ""grad_norm"": 2.9747471111188784, ""minibatch_updates"": 32, ""finite"": true}"
dodge,ticks,linear,1,0,0,0,Adam,0.0003,linear decay to 5 percent floor,0.99,0.95,0.2,0.003,0.5,4,8,16,8,descending,65536,0,0.8958333333333334,0.475,"[0.090625, 0.4114583333333333, 0.4979166666666667]",0.8346322401424316,True,26.314392290078104,180.265625,runs/v14/dodge-ticks-linear-s1/checkpoint.pkl,d5b527a2446801898db7f91ccb5bde8f840178247c36b2d8aafd82512b56c189,4bd074ec2bfcfa49133683d1a8d6e4c8fa779e1edcc848d52894eefcb7cb61ba,,"{""update"": 32, ""transitions"": 65536, ""episodes"": 2720, ""level"": ""target"", ""lr"": 1.4999999999999999e-05, ""wall_seconds"": 26.314392290078104, ""transitions_per_second"": 2482.2269189517483, ""train_success"": 0.8966666666666667, ""train_return"": 5.069, ""rollout_action_fractions"": [458, 763, 827], ""loss"": 1.3474920428183699, ""policy_loss"": -0.0013757481145223408, ""value_loss"": 2.7027447500368362, ""entropy"": 0.8348613618419867, ""approx_kl"": 1.4087877097404328e-05, ""clip_fraction"": 0.0, ""grad_norm"": 3.0694298156972746, ""minibatch_updates"": 32, ""finite"": true}"
dodge,ticks,linear,2,0,0,0,Adam,0.0003,linear decay to 5 percent floor,0.99,0.95,0.2,0.003,0.5,4,8,16,8,descending,65536,0,0.8916666666666668,0.625,"[0.1375, 0.44479166666666664, 0.41770833333333335]",0.8112951094598652,True,26.285031833220273,184.03125,runs/v14/dodge-ticks-linear-s2/checkpoint.pkl,362f2e6160b294e76b2e5f166e2a5c064caa66777407a67947c2fbe291619c14,d2487b03b902efb254bd74eeda1101e8806174dc7ae075d3761494d40061c1ac,,"{""update"": 32, ""transitions"": 65536, ""episodes"": 2720, ""level"": ""target"", ""lr"": 1.4999999999999999e-05, ""wall_seconds"": 26.285031833220273, ""transitions_per_second"": 2508.672175221371, ""train_success"": 0.8983333333333333, ""train_return"": 5.067, ""rollout_action_fractions"": [426, 773, 849], ""loss"": 1.4394432911280477, ""policy_loss"": -0.0012752860396026495, ""value_loss"": 2.8863104618124793, ""entropy"": 0.8122179128630632, ""approx_kl"": 9.448944128276605e-06, ""clip_fraction"": 0.0, ""grad_norm"": 3.0388854073604112, ""minibatch_updates"": 32, ""finite"": true}"
flappy,all_readout,gru,0,128,64,64,Adam,0.0003,linear decay to 5 percent floor,0.99,0.95,0.2,0.003,0.5,4,8,16,4,all,65536,0,0.3666666666666666,0.0,"[0.8872901678657075, 0.11270983213429256]",0.3240765240104021,True,17.93007354286965,264.234375,runs/v14/flappy-all_readout-gru-s0/checkpoint.pkl,4a8abb1d1958409c867c96c47fa198739bca13f36bc6770cb2f3d24873ce7cbd,fae6a0c6057e063cbae365e59530c55ad17418e812e49f24dceec4326ec725bb,,"{""update"": 32, ""transitions"": 65536, ""episodes"": 2373, ""level"": ""target"", ""lr"": 1.4999999999999999e-05, ""wall_seconds"": 17.93007354286965, ""transitions_per_second"": 3609.6424885443844, ""train_success"": 0.275, ""train_return"": 1.3032117325236539, ""rollout_action_fractions"": [1784, 264], ""loss"": 0.1705504065006878, ""policy_loss"": -0.003431815400194334, ""value_loss"": 0.3493603076098344, ""entropy"": 0.2326439680116804, ""approx_kl"": 0.0007514589345810271, ""clip_fraction"": 0.0084228515625, ""grad_norm"": 0.6186507367932577, ""minibatch_updates"": 32, ""finite"": true}"
flappy,all_readout,gru,1,128,64,64,Adam,0.0003,linear decay to 5 percent floor,0.99,0.95,0.2,0.003,0.5,4,8,16,4,all,65536,0,0.2,0.0,"[0.8664987405541562, 0.13350125944584382]",0.27865818832235345,True,18.08964337699581,270.796875,runs/v14/flappy-all_readout-gru-s1/checkpoint.pkl,7e889fd7084c9e35bf0e7726daa83f2a39a27f614cd3f8be8139a19c2c0fcab8,c5cd64e5b697698aaef008d255e9396286617d517f0b3de99f4fb693ff554bec,,"{""update"": 32, ""transitions"": 65536, ""episodes"": 2867, ""level"": ""target"", ""lr"": 1.4999999999999999e-05, ""wall_seconds"": 18.08964337699581, ""transitions_per_second"": 3530.1372376907702, ""train_success"": 0.12833333333333333, ""train_return"": 0.14427384405026894, ""rollout_action_fractions"": [1742, 306], ""loss"": 0.05593901472692515, ""policy_loss"": -0.004465716107592937, ""value_loss"": 0.12230557969807798, ""entropy"": 0.24935300484030343, ""approx_kl"": 0.0008782627085912683, ""clip_fraction"": 0.0087890625, ""grad_norm"": 0.48194516260619924, ""minibatch_updates"": 32, ""finite"": true}"
flappy,all_readout,gru,2,128,64,64,Adam,0.0003,linear decay to 5 percent floor,0.99,0.95,0.2,0.003,0.5,4,8,16,4,all,65536,0,0.2,0.0,"[0.8215892053973014, 0.17841079460269865]",0.3529853509540605,True,18.029826917976607,265.875,runs/v14/flappy-all_readout-gru-s2/checkpoint.pkl,30fba4adb2d678c0a3f9476f42908d71209805895fede0dd1db388530affd195,3e9447e49e05e43361e72190db7e252d0859a7f18743d97f05be9f243e53abbf,,"{""update"": 32, ""transitions"": 65536, ""episodes"": 3053, ""level"": ""target"", ""lr"": 1.4999999999999999e-05, ""wall_seconds"": 18.029826917976607, ""transitions_per_second"": 3652.298669886908, ""train_success"": 0.08499999999999998, ""train_return"": -0.17302188146182781, ""rollout_action_fractions"": [1641, 407], ""loss"": 0.04060875297734175, ""policy_loss"": -0.004945033035822777, ""value_loss"": 0.09290789466523265, ""entropy"": 0.300053773150603, ""approx_kl"": 0.0006224868828888908, ""clip_fraction"": 0.0050048828125, ""grad_norm"": 0.500184967178558, ""minibatch_updates"": 32, ""finite"": true}"
flappy,curriculum,gru,0,128,64,64,Adam,0.0003,linear decay to 5 percent floor,0.99,0.95,0.2,0.003,0.5,4,8,16,4,descending,131072,0,0.3208333333333333,0.07499999999999996,"[0.884437596302003, 0.11556240369799692]",0.25825257586990863,True,32.660155753663275,231.09375,runs/v14/flappy-curriculum-gru-s0/checkpoint.pkl,76a41e8615ffe5fbb2c7908692e940b105e70f3bfc392bf6efd9f0495f0713a0,087410a028e281d48413e70cb4aeb2865e8a13cfdfcbcfb4178360bbe63a252b,,"{""update"": 64, ""transitions"": 131072, ""episodes"": 3652, ""level"": ""target"", ""lr"": 1.4999999999999999e-05, ""wall_seconds"": 32.660155753663275, ""transitions_per_second"": 4024.2641355972164, ""train_success"": 0.26833333333333337, ""train_return"": 1.2311649961337696, ""rollout_action_fractions"": [1777, 271], ""loss"": 0.15559443389364608, ""policy_loss"": -0.002810879365040035, ""value_loss"": 0.31806814934112737, ""entropy"": 0.20958713729253378, ""approx_kl"": 0.0001234198836479199, ""clip_fraction"": 0.0009765625, ""grad_norm"": 0.7172354614722657, ""minibatch_updates"": 32, ""finite"": true}"
flappy,curriculum,gru,1,128,64,64,Adam,0.0003,linear decay to 5 percent floor,0.99,0.95,0.2,0.003,0.5,4,8,16,4,descending,131072,0,0.2791666666666667,0.07499999999999996,"[0.8822790113112694, 0.11772098868873063]",0.19050781021805216,True,32.64312716689892,233.1875,runs/v14/flappy-curriculum-gru-s1/checkpoint.pkl,c2684a8de93ab5dd82eb2e5476d4fefff22f62154b2dd91414c0d753c518f714,d5052fc7c6fb4b7ebe9d9be144d861c6a72c0b9dd48ebab3941a48f19f6538fa,,"{""update"": 64, ""transitions"": 131072, ""episodes"": 3226, ""level"": ""target"", ""lr"": 1.4999999999999999e-05, ""wall_seconds"": 32.64312716689892, ""transitions_per_second"": 4023.644475401315, ""train_success"": 0.27166666666666667, ""train_return"": 1.260674007059829, ""rollout_action_fractions"": [1821, 227], ""loss"": 0.17282212236856362, ""policy_loss"": -0.0016917334396411247, ""value_loss"": 0.3500363939562176, ""entropy"": 0.16811372330135832, ""approx_kl"": 3.0122685410800372e-05, ""clip_fraction"": 0.0, ""grad_norm"": 0.7982082813940385, ""minibatch_updates"": 32, ""finite"": true}"
flappy,curriculum,gru,2,128,64,64,Adam,0.0003,linear decay to 5 percent floor,0.99,0.95,0.2,0.003,0.5,4,8,16,4,descending,131072,0,0.2625,0.125,"[0.8882559158632778, 0.11174408413672217]",0.25531630765752766,True,32.80001441697823,231.078125,runs/v14/flappy-curriculum-gru-s2/checkpoint.pkl,6095010042c2013af238bf1a6d784066c644162199e0540980db088dc41b8362,06eb2fd9d72372937a18477142e49fe91ba070f8612a9540b1a0b36caf7f2573,,"{""update"": 64, ""transitions"": 131072, ""episodes"": 3286, ""level"": ""target"", ""lr"": 1.4999999999999999e-05, ""wall_seconds"": 32.80001441697823, ""transitions_per_second"": 3907.5235328509752, ""train_success"": 0.2733333333333333, ""train_return"": 1.2772010433379934, ""rollout_action_fractions"": [1789, 259], ""loss"": 0.1769371465551998, ""policy_loss"": -0.0017729942637140367, ""value_loss"": 0.3585562531355067, ""entropy"": 0.18932858294650473, ""approx_kl"": 0.00012194413618738923, ""clip_fraction"": 0.0008544921875, ""grad_norm"": 0.9056370725827305, ""minibatch_updates"": 32, ""finite"": true}"
flappy,longer,gru,0,128,64,64,Adam,0.0003,linear decay to 5 percent floor,0.99,0.95,0.2,0.003,0.5,4,8,16,4,descending,131072,0,0.3166666666666666,0.09999999999999998,"[0.8672360248447205, 0.1327639751552795]",0.24652714664523517,True,32.731667880900204,237.890625,runs/v14/flappy-longer-gru-s0/checkpoint.pkl,28b3f308c8a5940f2111a67ebeab108d59ab6e80e714751cfef60471d0abf356,31f74ad0c1c1fe584f1dd352eaadeb0fa9930a2083bd262f9159add3663f2cab,,"{""update"": 64, ""transitions"": 131072, ""episodes"": 4180, ""level"": ""target"", ""lr"": 1.4999999999999999e-05, ""wall_seconds"": 32.731667880900204, ""transitions_per_second"": 4015.4398998554766, ""train_success"": 0.19833333333333328, ""train_return"": 0.7100039288466562, ""rollout_action_fractions"": [1765, 283], ""loss"": 0.13352659320976978, ""policy_loss"": -0.002349849644546185, ""value_loss"": 0.2729737367213566, ""entropy"": 0.20347516878743382, ""approx_kl"": 0.0001772275184389316, ""clip_fraction"": 0.000732421875, ""grad_norm"": 0.7041382649442545, ""minibatch_updates"": 32, ""finite"": true}"
flappy,longer,gru,1,128,64,64,Adam,0.0003,linear decay to 5 percent floor,0.99,0.95,0.2,0.003,0.5,4,8,16,4,descending,131072,0,0.325,0.15000000000000002,"[0.8750492707922743, 0.12495072920772567]",0.2177779696817126,True,32.75684529537102,227.390625,runs/v14/flappy-longer-gru-s1/checkpoint.pkl,f719035d0738773ff6f0629622f15e29eb6e5570767f35df8ae4ba36566534d3,ffbd57b6e906ba7b22c7acc0e9b3b9dc2528e4b15391f2248d62356b3eeb1135,,"{""update"": 64, ""transitions"": 131072, ""episodes"": 3873, ""level"": ""target"", ""lr"": 1.4999999999999999e-05, ""wall_seconds"": 32.75684529537102, ""transitions_per_second"": 3947.4042387119293, ""train_success"": 0.24833333333333332, ""train_return"": 1.10582282995967, ""rollout_action_fractions"": [1795, 253], ""loss"": 0.17909049466657584, ""policy_loss"": -0.002087505196944152, ""value_loss"": 0.36359940379454914, ""entropy"": 0.2072340112515329, ""approx_kl"": 0.00020995699151798248, ""clip_fraction"": 0.0010986328125, ""grad_norm"": 0.7496194341051818, ""minibatch_updates"": 32, ""finite"": true}"
flappy,longer,gru,2,128,64,64,Adam,0.0003,linear decay to 5 percent floor,0.99,0.95,0.2,0.003,0.5,4,8,16,4,descending,131072,0,0.4291666666666667,0.17500000000000004,"[0.8889949109414759, 0.11100508905852417]",0.21408500262641592,True,32.62081341102021,228.640625,runs/v14/flappy-longer-gru-s2/checkpoint.pkl,76c4446a6d861fe90ba99782d9f1989b389f9211b2c34000bc5a723d4a7d415d,5c85159fcbbc4f00b2a3bf6e621612efbd161134fa966a582c5f5ea6b9b013ff,,"{""update"": 64, ""transitions"": 131072, ""episodes"": 3847, ""level"": ""target"", ""lr"": 1.4999999999999999e-05, ""wall_seconds"": 32.62081341102021, ""transitions_per_second"": 3985.6121657395124, ""train_success"": 0.2833333333333333, ""train_return"": 1.36415999025448, ""rollout_action_fractions"": [1806, 242], ""loss"": 0.15889873507760055, ""policy_loss"": -0.0020104428000321563, ""value_loss"": 0.32297179378931223, ""entropy"": 0.19223967234113387, ""approx_kl"": 0.0001525728552745396, ""clip_fraction"": 0.000732421875, ""grad_norm"": 0.6980259911733526, ""minibatch_updates"": 32, ""finite"": true}"
flappy,primary,gru,0,128,64,64,Adam,0.0003,linear decay to 5 percent floor,0.99,0.95,0.2,0.003,0.5,4,8,16,4,descending,65536,0,0.12916666666666665,0.09999999999999998,"[0.8877146631439894, 0.11228533685601057]",0.34368127328570724,True,16.18229271110613,228.640625,runs/v14/flappy-primary-gru-s0/checkpoint.pkl,4f5ab1545af1db657dd20a80b5c59cd70f56eef5c5d098880f0d286e8dcaabcc,9fd6ce0ec2d3268edcce5d707f7aa84681b2678fd5e36dfcdc19b465b73592c1,,"{""update"": 32, ""transitions"": 65536, ""episodes"": 2646, ""level"": ""target"", ""lr"": 1.4999999999999999e-05, ""wall_seconds"": 16.18229271110613, ""transitions_per_second"": 4072.430806918868, ""train_success"": 0.21333333333333332, ""train_return"": 0.826030833413881, ""rollout_action_fractions"": [1798, 250], ""loss"": 0.1308572182680116, ""policy_loss"": -0.0027058580284385573, ""value_loss"": 0.2686100436606895, ""entropy"": 0.24731517796486527, ""approx_kl"": 0.00021791500103448413, ""clip_fraction"": 0.0009765625, ""grad_norm"": 0.573560792076212, ""minibatch_updates"": 32, ""finite"": true}"
flappy,primary,gru,1,128,64,64,Adam,0.0003,linear decay to 5 percent floor,0.99,0.95,0.2,0.003,0.5,4,8,16,4,descending,65536,0,0.2166666666666667,0.07499999999999996,"[0.8900152052711606, 0.10998479472883933]",0.31066100724476114,True,16.102416587993503,229.578125,runs/v14/flappy-primary-gru-s1/checkpoint.pkl,9aa766bf62a65616b2af248b499b327982ef650f01e465f920ebfce9ead01b1f,4e538f90b5feefe86aa4412097376522893b3df339952c4afea77b9e6fa9cacb,,"{""update"": 32, ""transitions"": 65536, ""episodes"": 2785, ""level"": ""target"", ""lr"": 1.4999999999999999e-05, ""wall_seconds"": 16.102416587993503, ""transitions_per_second"": 4073.0662584246575, ""train_success"": 0.175, ""train_return"": 0.5019121703739475, ""rollout_action_fractions"": [1792, 256], ""loss"": 0.11300328779062252, ""policy_loss"": -0.0023228464713250935, ""value_loss"": 0.23225289524643838, ""entropy"": 0.266771120423861, ""approx_kl"": 0.00022292013478103704, ""clip_fraction"": 0.0008544921875, ""grad_norm"": 0.5163225223672713, ""minibatch_updates"": 32, ""finite"": true}"
flappy,primary,gru,2,128,64,64,Adam,0.0003,linear decay to 5 percent floor,0.99,0.95,0.2,0.003,0.5,4,8,16,4,descending,65536,0,0.2416666666666667,0.09999999999999998,"[0.8957654723127035, 0.10423452768729642]",0.3061883105854073,True,16.028755332168657,232.125,runs/v14/flappy-primary-gru-s2/checkpoint.pkl,2ac21383db7a18ea6a416feb3ab2e3562dd399235ef648e081fea8be5c71eac0,946f2d7a78b2951442eb93dded52cc927ed6a2b7c52d601a1802d81b8bbe6032,,"{""update"": 32, ""transitions"": 65536, ""episodes"": 2596, ""level"": ""target"", ""lr"": 1.4999999999999999e-05, ""wall_seconds"": 16.028755332168657, ""transitions_per_second"": 4066.724997026704, ""train_success"": 0.17166666666666663, ""train_return"": 0.48133303659687726, ""rollout_action_fractions"": [1809, 239], ""loss"": 0.11698559632520836, ""policy_loss"": -0.0019804211128682195, ""value_loss"": 0.23937548300963227, ""entropy"": 0.240574688913183, ""approx_kl"": 9.495320000827135e-05, ""clip_fraction"": 0.0006103515625, ""grad_norm"": 0.5168250061817135, ""minibatch_updates"": 32, ""finite"": true}"
flappy,primary,linear,0,0,0,0,Adam,0.0003,linear decay to 5 percent floor,0.99,0.95,0.2,0.003,0.5,4,8,16,4,descending,65536,0,0.0,0.42500000000000004,"[0.5257048092868989, 0.47429519071310117]",0.5619128308343349,True,12.563287629862316,180.953125,runs/v14/flappy-primary-linear-s0/checkpoint.pkl,3d3b7c3a6929dd28e34b1909138b8265e9488d14c684ecac13d10518163c2dae,10b9c11ca90263f6b0473d992b87d3ade800d3d4399471bd3afd4a94f6c327dc,,"{""update"": 32, ""transitions"": 65536, ""episodes"": 4773, ""level"": ""target"", ""lr"": 1.4999999999999999e-05, ""wall_seconds"": 12.563287629862316, ""transitions_per_second"": 5209.8884852949805, ""train_success"": 0.0, ""train_return"": -0.8710063477214868, ""rollout_action_fractions"": [1147, 901], ""loss"": 0.06832867791939151, ""policy_loss"": -0.0010128813292001235, ""value_loss"": 0.14208163115435227, ""entropy"": 0.5664187761948303, ""approx_kl"": 3.706394337417984e-05, ""clip_fraction"": 0.0, ""grad_norm"": 1.4101621821073642, ""minibatch_updates"": 32, ""finite"": true}"
flappy,primary,linear,1,0,0,0,Adam,0.0003,linear decay to 5 percent floor,0.99,0.95,0.2,0.003,0.5,4,8,16,4,descending,65536,0,0.008333333333333333,0.07499999999999996,"[0.9409681227863046, 0.0590318772136954]",0.26065849768688104,True,12.61522708577104,181.03125,runs/v14/flappy-primary-linear-s1/checkpoint.pkl,c4d711aa0d961d2b0d2036ac7b8d6926afbfb9c6bd1e2a1bf791b02b8088901d,2be8be7c79ee0c3732f62b6826b3ce924922e153d0d9c6d0665eb6d6a05fa5d5,,"{""update"": 32, ""transitions"": 65536, ""episodes"": 4360, ""level"": ""target"", ""lr"": 1.4999999999999999e-05, ""wall_seconds"": 12.61522708577104, ""transitions_per_second"": 5071.253099559448, ""train_success"": 0.05666666666666667, ""train_return"": -0.41089028174162723, ""rollout_action_fractions"": [1793, 255], ""loss"": 0.06928265684649304, ""policy_loss"": -0.0005356097194011223, ""value_loss"": 0.1411131303449435, ""entropy"": 0.24609953552585953, ""approx_kl"": 4.051931722569735e-06, ""clip_fraction"": 0.0, ""grad_norm"": 0.8892839024623677, ""minibatch_updates"": 32, ""finite"": true}"
flappy,primary,linear,2,0,0,0,Adam,0.0003,linear decay to 5 percent floor,0.99,0.95,0.2,0.003,0.5,4,8,16,4,descending,65536,0,0.0,0.35,"[0.4782608695652174, 0.5217391304347826]",0.5552159583732752,True,12.785859330906533,181.203125,runs/v14/flappy-primary-linear-s2/checkpoint.pkl,dcf0c506592e18d44888974490f173ccd915ead271614eae47a78c4d318651c6,36be9cabfe185834d3fa7c048ae43c6ba35c48f0f7ed89fbd25180917ab12267,,"{""update"": 32, ""transitions"": 65536, ""episodes"": 4783, ""level"": ""target"", ""lr"": 1.4999999999999999e-05, ""wall_seconds"": 12.785859330906533, ""transitions_per_second"": 5090.869092277879, ""train_success"": 0.0, ""train_return"": -0.8688507140265957, ""rollout_action_fractions"": [1107, 941], ""loss"": 0.06934160004153452, ""policy_loss"": -0.0008265691769605392, ""value_loss"": 0.14365665457008558, ""entropy"": 0.5533860221825844, ""approx_kl"": 5.25634625292704e-06, ""clip_fraction"": 0.0, ""grad_norm"": 1.357228838256757, ""minibatch_updates"": 32, ""finite"": true}"
flappy,primary,mlp,0,128,64,0,Adam,0.0003,linear decay to 5 percent floor,0.99,0.95,0.2,0.003,0.5,4,8,16,4,descending,65536,0,0.0125,0.050000000000000044,"[0.9433293978748524, 0.05667060212514758]",0.24104426576022,True,14.738088005047757,215.125,runs/v14/flappy-primary-mlp-s0/checkpoint.pkl,c47b5496b5ced023fc0801a2c7eab5ea2859011c7681dbd04ce54600d740287e,dd6f099565ad543e8624405b677ecc9ab3f4d800d1651c5de4ebe0061b935589,,"{""update"": 32, ""transitions"": 65536, ""episodes"": 3911, ""level"": ""target"", ""lr"": 1.4999999999999999e-05, ""wall_seconds"": 14.738088005047757, ""transitions_per_second"": 4464.184344671224, ""train_success"": 0.05000000000000001, ""train_return"": -0.4605976848170112, ""rollout_action_fractions"": [1850, 198], ""loss"": 0.04614261333216793, ""policy_loss"": -0.001475648108149688, ""value_loss"": 0.0965993309413905, ""entropy"": 0.22713467679254534, ""approx_kl"": 2.481325285809411e-05, ""clip_fraction"": 0.0, ""grad_norm"": 0.2934044157294048, ""minibatch_updates"": 32, ""finite"": true}"
flappy,primary,mlp,1,128,64,0,Adam,0.0003,linear decay to 5 percent floor,0.99,0.95,0.2,0.003,0.5,4,8,16,4,descending,65536,0,0.025,0.0,"[0.9461009174311926, 0.05389908256880734]",0.26484302284372063,True,14.961741665028967,213.078125,runs/v14/flappy-primary-mlp-s1/checkpoint.pkl,6ae8b7819283738e7c6b4e3367bdd6e2c3cd0a7d44ef7f8d4286c5de4dcbe35c,5c1123b96d64dd265de55cde8896e1e5368acd9b253249d840c158f6635d7814,,"{""update"": 32, ""transitions"": 65536, ""episodes"": 4167, ""level"": ""target"", ""lr"": 1.4999999999999999e-05, ""wall_seconds"": 14.961741665028967, ""transitions_per_second"": 4283.325904285035, ""train_success"": 0.024999999999999994, ""train_return"": -0.6410540891745008, ""rollout_action_fractions"": [1798, 250], ""loss"": 0.026347365728163742, ""policy_loss"": -0.0013219533589656227, ""value_loss"": 0.05689676943045073, ""entropy"": 0.2596885426986676, ""approx_kl"": 2.435363133008604e-05, ""clip_fraction"": 0.0, ""grad_norm"": 0.2952905428956013, ""minibatch_updates"": 32, ""finite"": true}"
flappy,primary,mlp,2,128,64,0,Adam,0.0003,linear decay to 5 percent floor,0.99,0.95,0.2,0.003,0.5,4,8,16,4,descending,65536,0,0.0125,0.025000000000000022,"[0.9441805225653207, 0.055819477434679333]",0.22384191801787612,True,14.73895470687421,212.96875,runs/v14/flappy-primary-mlp-s2/checkpoint.pkl,c65aed4cf494562cfc28e06f819d0f700d3dbeb30843db899137a80037a9d0cb,bef7105b0fc1739a485aeedb89691d3af1dbffcdc45b90670392a71e70b5230d,,"{""update"": 32, ""transitions"": 65536, ""episodes"": 3647, ""level"": ""target"", ""lr"": 1.4999999999999999e-05, ""wall_seconds"": 14.73895470687421, ""transitions_per_second"": 4431.700583867556, ""train_success"": 0.05333333333333333, ""train_return"": -0.43261441484906243, ""rollout_action_fractions"": [1835, 213], ""loss"": 0.04918462762215226, ""policy_loss"": -0.0015156509079307205, ""value_loss"": 0.10270256542529281, ""entropy"": 0.2170013941878079, ""approx_kl"": 2.3806756300145546e-05, ""clip_fraction"": 0.0, ""grad_norm"": 0.28909323542647575, ""minibatch_updates"": 32, ""finite"": true}"
flappy,rescue,gru,0,128,64,64,Adam,0.0003,linear decay to 5 percent floor,0.99,0.95,0.2,0.003,0.5,4,8,16,4,descending,131072,8192,0.2333333333333333,0.050000000000000044,"[0.8859857482185273, 0.11401425178147269]",0.17346845677711817,True,32.73910112504382,326.484375,runs/v14/flappy-rescue-gru-s0/checkpoint.pkl,0039a46c8e52c656387c92cf069b586e47bcc7cab846c741003f634c49e48405,e9cb84273377d4d8dc9a6f622ccaad79fdcfc9b262a2387b706733e5fa62b56b,,"{""update"": 64, ""transitions"": 131072, ""episodes"": 3394, ""level"": ""target"", ""lr"": 1.4999999999999999e-05, ""wall_seconds"": 32.73910112504382, ""transitions_per_second"": 3970.533777116049, ""train_success"": 0.2783333333333333, ""train_return"": 1.2886415514060596, ""rollout_action_fractions"": [1817, 231], ""loss"": 0.18897065504172694, ""policy_loss"": -0.0015979920224033408, ""value_loss"": 0.3820652655731511, ""entropy"": 0.15466190748176312, ""approx_kl"": 3.948832420288711e-05, ""clip_fraction"": 0.0001220703125, ""grad_norm"": 0.6931260612016161, ""minibatch_updates"": 32, ""finite"": true}"
flappy,rescue,gru,1,128,64,64,Adam,0.0003,linear decay to 5 percent floor,0.99,0.95,0.2,0.003,0.5,4,8,16,4,descending,131072,8192,0.25833333333333336,0.125,"[0.8897122929380994, 0.11028770706190061]",0.17284455273022423,True,33.05944550031563,323.3125,runs/v14/flappy-rescue-gru-s1/checkpoint.pkl,372b3b751f9ce7d0aa2a48693f01051dfc8bb499b2c4857e731ed578ee7d91e1,11d4345b3e15ab686909c77c9640379f1818b2a42db2d367cbffeb9403567ee5,,"{""update"": 64, ""transitions"": 131072, ""episodes"": 3767, ""level"": ""target"", ""lr"": 1.4999999999999999e-05, ""wall_seconds"": 33.05944550031563, ""transitions_per_second"": 3904.7830924268196, ""train_success"": 0.25, ""train_return"": 1.0830175377544755, ""rollout_action_fractions"": [1817, 231], ""loss"": 0.14419586510289323, ""policy_loss"": -0.0018032350302236155, ""value_loss"": 0.2929989327635432, ""entropy"": 0.1667887495515985, ""approx_kl"": 9.558848908292983e-05, ""clip_fraction"": 0.0006103515625, ""grad_norm"": 0.6549174538537315, ""minibatch_updates"": 32, ""finite"": true}"
flappy,rescue,gru,2,128,64,64,Adam,0.0003,linear decay to 5 percent floor,0.99,0.95,0.2,0.003,0.5,4,8,16,4,descending,131072,8192,0.4041666666666666,0.30000000000000004,"[0.8890356671070013, 0.11096433289299867]",0.18326372959570617,True,33.127145579026546,330.890625,runs/v14/flappy-rescue-gru-s2/checkpoint.pkl,dc4b552cac513f3a7d4789aee31efb90c1535341a75a9cad1e147741da00bb7a,426d7f867553c3fb07ada311aceb919d572862780478df8eb5086c6582e12cfd,,"{""update"": 64, ""transitions"": 131072, ""episodes"": 3425, ""level"": ""target"", ""lr"": 1.4999999999999999e-05, ""wall_seconds"": 33.127145579026546, ""transitions_per_second"": 3964.4093600706788, ""train_success"": 0.325, ""train_return"": 1.6800754160391977, ""rollout_action_fractions"": [1810, 238], ""loss"": 0.17479295535043654, ""policy_loss"": -0.00210305699179633, ""value_loss"": 0.35481897768554665, ""entropy"": 0.17115883351349168, ""approx_kl"": 6.006367383768746e-05, ""clip_fraction"": 0.0, ""grad_norm"": 0.6686085682224832, ""minibatch_updates"": 32, ""finite"": true}"
flappy,ticks,gru,0,128,64,64,Adam,0.0003,linear decay to 5 percent floor,0.99,0.95,0.2,0.003,0.5,4,8,16,8,descending,65536,0,0.2125,0.125,"[0.8968968968968969, 0.1031031031031031]",0.3713812638618188,True,28.09085625305306,228.15625,runs/v14/flappy-ticks-gru-s0/checkpoint.pkl,62cca43c1ea286668ae4d53805638fb54f3e3d74636e9d2f4b7e89a884b1a1a0,bbea7e66e65b446c10fcff4639676a4af1028c08c137ebfb46fba743218254a9,,"{""update"": 32, ""transitions"": 65536, ""episodes"": 2702, ""level"": ""target"", ""lr"": 1.4999999999999999e-05, ""wall_seconds"": 28.09085625305306, ""transitions_per_second"": 2344.991512511616, ""train_success"": 0.24, ""train_return"": 1.0174452326365244, ""rollout_action_fractions"": [1791, 257], ""loss"": 0.15358385714439005, ""policy_loss"": -0.0022390449527786554, ""value_loss"": 0.31317579755014996, ""entropy"": 0.25499889263543035, ""approx_kl"": 9.643997964492245e-05, ""clip_fraction"": 0.000244140625, ""grad_norm"": 0.575170485418774, ""minibatch_updates"": 32, ""finite"": true}"
flappy,ticks,gru,1,128,64,64,Adam,0.0003,linear decay to 5 percent floor,0.99,0.95,0.2,0.003,0.5,4,8,16,8,descending,65536,0,0.0125,0.0,"[0.6030989272943981, 0.39690107270560193]",0.4076001254317668,True,28.13848775497172,245.234375,runs/v14/flappy-ticks-gru-s1/checkpoint.pkl,bde278d9d1c4a83ee0b44b72371b2046e74a0d2a448d2c1ee12c6cce5fa39618,10206e341b9dfa63881251efa59017662155685fbc7817e7289e34c9f01c9d77,,"{""update"": 32, ""transitions"": 65536, ""episodes"": 3761, ""level"": ""target"", ""lr"": 1.4999999999999999e-05, ""wall_seconds"": 28.13848775497172, ""transitions_per_second"": 2343.6826122346615, ""train_success"": 0.003333333333333333, ""train_return"": -0.7808430491275162, ""rollout_action_fractions"": [1267, 781], ""loss"": 0.00039567830849652564, ""policy_loss"": -0.0050733951301563385, ""value_loss"": 0.013484368191664152, ""entropy"": 0.4243702190597384, ""approx_kl"": 0.0007755344957173606, ""clip_fraction"": 0.0029296875, ""grad_norm"": 0.47135601011841977, ""minibatch_updates"": 32, ""finite"": true}"
flappy,ticks,gru,2,128,64,64,Adam,0.0003,linear decay to 5 percent floor,0.99,0.95,0.2,0.003,0.5,4,8,16,8,descending,65536,0,0.17916666666666664,0.09999999999999998,"[0.890668139149641, 0.10933186085035891]",0.35781229596051345,True,28.103809087944683,226.765625,runs/v14/flappy-ticks-gru-s2/checkpoint.pkl,d523e1eb70d0807721297a9efcd9b1e242516c88f6d7cd22b2ffb9ce2f8547d3,7554a1f44363bec0d9274fd4004886d947e02843afaee87afa47606131c940d4,,"{""update"": 32, ""transitions"": 65536, ""episodes"": 2584, ""level"": ""target"", ""lr"": 1.4999999999999999e-05, ""wall_seconds"": 28.103809087944683, ""transitions_per_second"": 2330.2598078683436, ""train_success"": 0.235, ""train_return"": 0.9876491330515009, ""rollout_action_fractions"": [1799, 249], ""loss"": 0.13546823862671764, ""policy_loss"": -0.0020943350400962927, ""value_loss"": 0.27657381367809897, ""entropy"": 0.24144439074518997, ""approx_kl"": 0.0002554481212687737, ""clip_fraction"": 0.0006103515625, ""grad_norm"": 0.5734615371193645, ""minibatch_updates"": 32, ""finite"": true}"
pong,all_readout,linear,0,0,0,0,Adam,0.0003,linear decay to 5 percent floor,0.99,0.95,0.2,0.003,0.5,4,8,16,8,all,65536,0,0.8972222222222221,0.475,"[0.3765625, 0.19618055555555555, 0.42725694444444445]",0.8206389539855593,True,25.69081020914018,205.578125,runs/v14/pong-all_readout-linear-s0/checkpoint.pkl,f55ff83a2a723f660be19a3f20e57edd5c666ae7b4c5bd872cfe62f62fff7327,7a5318dd73ef2c7b6891177cfc124fbe3ddbe96124cab8fb79e7c675f711f854,,"{""update"": 32, ""transitions"": 65536, ""episodes"": 448, ""level"": ""target"", ""lr"": 1.4999999999999999e-05, ""wall_seconds"": 25.69081020914018, ""transitions_per_second"": 2537.9794591013974, ""train_success"": 0.8477777777777777, ""train_return"": 6.309535775064689, ""rollout_action_fractions"": [725, 543, 780], ""loss"": 0.16067164723653693, ""policy_loss"": -0.002423530724446855, ""value_loss"": 0.3309428561359271, ""entropy"": 0.7920833689932653, ""approx_kl"": 2.9240863891948345e-05, ""clip_fraction"": 0.0, ""grad_norm"": 2.2482028340629636, ""minibatch_updates"": 32, ""finite"": true}"
pong,all_readout,linear,1,0,0,0,Adam,0.0003,linear decay to 5 percent floor,0.99,0.95,0.2,0.003,0.5,4,8,16,8,all,65536,0,0.8194444444444443,0.55,"[0.40677083333333336, 0.16892361111111112, 0.42430555555555555]",0.7839815052131016,True,25.52332512900466,216.421875,runs/v14/pong-all_readout-linear-s1/checkpoint.pkl,c52c7a95734416e40b15a9d2ae52e225b0107638ec40d92a89c9495b8e9c7420,e21d13d6b3239c8861181baa8c877930b8e785cbe9d954d676e54e420b63c5e0,,"{""update"": 32, ""transitions"": 65536, ""episodes"": 448, ""level"": ""target"", ""lr"": 1.4999999999999999e-05, ""wall_seconds"": 25.52332512900466, ""transitions_per_second"": 2588.269702819222, ""train_success"": 0.8233333333333333, ""train_return"": 5.871107756209855, ""rollout_action_fractions"": [790, 513, 745], ""loss"": 0.16445565159316552, ""policy_loss"": -0.002205131410423439, ""value_loss"": 0.3377971301653372, ""entropy"": 0.7459273596932003, ""approx_kl"": 2.551865985950406e-05, ""clip_fraction"": 0.0, ""grad_norm"": 2.18965489198973, ""minibatch_updates"": 32, ""finite"": true}"
pong,all_readout,linear,2,0,0,0,Adam,0.0003,linear decay to 5 percent floor,0.99,0.95,0.2,0.003,0.5,4,8,16,8,all,65536,0,0.8833333333333332,0.6,"[0.3732638888888889, 0.17586805555555557, 0.45086805555555554]",0.8044280526432214,True,25.380455456965137,201.984375,runs/v14/pong-all_readout-linear-s2/checkpoint.pkl,09490b4c464894905050dc02e1d4eaf40e77cb27c5c1f11fd3eb548aef7e7278,13ea180627daed61c9eadb20cef744b89460623e83c1b56678f7078009566403,,"{""update"": 32, ""transitions"": 65536, ""episodes"": 448, ""level"": ""target"", ""lr"": 1.4999999999999999e-05, ""wall_seconds"": 25.380455456965137, ""transitions_per_second"": 2574.4190248830046, ""train_success"": 0.8555555555555556, ""train_return"": 6.452393641685725, ""rollout_action_fractions"": [768, 558, 722], ""loss"": 0.1423812698280071, ""policy_loss"": -0.0024427645784504976, ""value_loss"": 0.2944533551737031, ""entropy"": 0.8008810601313091, ""approx_kl"": 2.475813469331542e-05, ""clip_fraction"": 0.0, ""grad_norm"": 2.2602037220524407, ""minibatch_updates"": 32, ""finite"": true}"
pong,longer,linear,0,0,0,0,Adam,0.0003,linear decay to 5 percent floor,0.99,0.95,0.2,0.003,0.5,4,8,16,8,all,131072,0,0.9361111111111111,0.35,"[0.37256944444444445, 0.21666666666666667, 0.4107638888888889]",0.7343148510090878,True,51.00653966702521,205.421875,runs/v14/pong-longer-linear-s0/checkpoint.pkl,9b16a87efc444a9b911c72105d3ea0cd45bf14dfd9fbe15de98f850fa8086ba7,f011becade12f44a8f361205eda856c058602823b0cde4db01f8c2e885dc208c,,"{""update"": 64, ""transitions"": 131072, ""episodes"": 896, ""level"": ""target"", ""lr"": 1.4999999999999999e-05, ""wall_seconds"": 51.00653966702521, ""transitions_per_second"": 2509.5157330896527, ""train_success"": 0.9144444444444444, ""train_return"": 7.5133703617900665, ""rollout_action_fractions"": [749, 548, 751], ""loss"": 0.14979466682118803, ""policy_loss"": -0.0021142622687697517, ""value_loss"": 0.3080393301400358, ""entropy"": 0.7035786600200373, ""approx_kl"": 1.8134311971601282e-05, ""clip_fraction"": 0.0, ""grad_norm"": 2.1339291093703743, ""minibatch_updates"": 32, ""finite"": true}"
pong,longer,linear,1,0,0,0,Adam,0.0003,linear decay to 5 percent floor,0.99,0.95,0.2,0.003,0.5,4,8,16,8,all,131072,0,0.9416666666666667,0.6,"[0.3763888888888889, 0.19774305555555555, 0.42586805555555557]",0.7224772155793195,True,50.67139204207342,203.015625,runs/v14/pong-longer-linear-s1/checkpoint.pkl,bf7593474f8186c04d67b2dab788904efe5ab6d31eacf235ff5134c29bcf2364,92e0f4d3b6f24e4174675509c09813852f287adf713e46c4782967a6713ada7b,,"{""update"": 64, ""transitions"": 131072, ""episodes"": 896, ""level"": ""target"", ""lr"": 1.4999999999999999e-05, ""wall_seconds"": 50.67139204207342, ""transitions_per_second"": 2635.86386878002, ""train_success"": 0.9077777777777777, ""train_return"": 7.391894921146364, ""rollout_action_fractions"": [781, 500, 767], ""loss"": 0.14597373581010842, ""policy_loss"": -0.0023066252394212347, ""value_loss"": 0.30065570266281355, ""entropy"": 0.6824967606257059, ""approx_kl"": 2.431801704808318e-05, ""clip_fraction"": 0.0, ""grad_norm"": 2.1670335741210813, ""minibatch_updates"": 32, ""finite"": true}"
pong,longer,linear,2,0,0,0,Adam,0.0003,linear decay to 5 percent floor,0.99,0.95,0.2,0.003,0.5,4,8,16,8,all,131072,0,0.9388888888888889,0.35,"[0.3795138888888889, 0.196875, 0.4236111111111111]",0.7262358789103563,True,50.80847362696659,203.5625,runs/v14/pong-longer-linear-s2/checkpoint.pkl,919bfa3d4e4b34b652f0fdd7f94df847c8b11b466f0fd962224f13e4998bb833,6954967f1a5cf31f7d6c71c7c92419ec1de29442316143fa53641a3cbc8d3b66,,"{""update"": 64, ""transitions"": 131072, ""episodes"": 896, ""level"": ""target"", ""lr"": 1.4999999999999999e-05, ""wall_seconds"": 50.80847362696659, ""transitions_per_second"": 2614.6477725068285, ""train_success"": 0.8955555555555555, ""train_return"": 7.170218221398034, ""rollout_action_fractions"": [747, 501, 800], ""loss"": 0.15844065192702403, ""policy_loss"": -0.0018856492440040874, ""value_loss"": 0.3248102753457385, ""entropy"": 0.6929455006137135, ""approx_kl"": 1.572287812249212e-05, ""clip_fraction"": 0.0, ""grad_norm"": 2.0987298246068913, ""minibatch_updates"": 32, ""finite"": true}"
pong,primary,gru,0,128,64,64,Adam,0.0003,linear decay to 5 percent floor,0.99,0.95,0.2,0.003,0.5,4,8,16,4,descending,65536,0,0.2972222222222222,0.0,"[1.0, 0.0, 0.0]",0.7650818964870889,True,16.20052883325843,228.65625,runs/v14/pong-primary-gru-s0/checkpoint.pkl,22f804ab9c5a87d718c999b0610f9e73267172246e961616fce0014fb87d7698,d3c5043f17d0d8e342966f4d3193fd80968f3311231f1f49605f1a54fc38597f,,"{""update"": 32, ""transitions"": 65536, ""episodes"": 448, ""level"": ""target"", ""lr"": 1.4999999999999999e-05, ""wall_seconds"": 16.20052883325843, ""transitions_per_second"": 4029.561595830825, ""train_success"": 0.29888888888888887, ""train_return"": -3.6232546912446733, ""rollout_action_fractions"": [1443, 443, 162], ""loss"": 0.1490332248134726, ""policy_loss"": -0.00012211078241446474, ""value_loss"": 0.3029162653398064, ""entropy"": 0.7675990246720535, ""approx_kl"": 6.0918697811085765e-06, ""clip_fraction"": 0.0, ""grad_norm"": 0.6757337166853368, ""minibatch_updates"": 32, ""finite"": true}"
pong,primary,gru,1,128,64,64,Adam,0.0003,linear decay to 5 percent floor,0.99,0.95,0.2,0.003,0.5,4,8,16,4,descending,65536,0,0.32222222222222224,0.050000000000000044,"[0.9842013888888889, 0.01579861111111111, 0.0]",1.0270891471380785,True,16.262852999032475,272.28125,runs/v14/pong-primary-gru-s1/checkpoint.pkl,896b013fdeb26ab8694783ee4c2bd0bafa28f9aaf37c4ff75f7cc26c9bcaf0d0,ec60e7188adc464799dd8f5fac518369e8d002d5066430a00f3f1b7717c2c77f,,"{""update"": 32, ""transitions"": 65536, ""episodes"": 448, ""level"": ""target"", ""lr"": 1.4999999999999999e-05, ""wall_seconds"": 16.262852999032475, ""transitions_per_second"": 3934.427169516937, ""train_success"": 0.30666666666666664, ""train_return"": -3.481752748411645, ""rollout_action_fractions"": [878, 806, 364], ""loss"": 0.14830815453098903, ""policy_loss"": -0.0003938475064865221, ""value_loss"": 0.3035774799971549, ""entropy"": 1.028912653700627, ""approx_kl"": 1.493159516446939e-05, ""clip_fraction"": 0.0, ""grad_norm"": 0.864714076729747, ""minibatch_updates"": 32, ""finite"": true}"
pong,primary,gru,2,128,64,64,Adam,0.0003,linear decay to 5 percent floor,0.99,0.95,0.2,0.003,0.5,4,8,16,4,descending,65536,0,0.29444444444444445,0.0,"[1.0, 0.0, 0.0]",0.8382553768994221,True,16.165450663887896,271.265625,runs/v14/pong-primary-gru-s2/checkpoint.pkl,b4354d795a6e2140bf5a7010cbf239ee4d790959b485f922cf7d8dd023cb93a4,6915307836e8a24f7d31fa7e1a18449e0965239d46b67fbc8e2b0e4973ac5f0c,,"{""update"": 32, ""transitions"": 65536, ""episodes"": 448, ""level"": ""target"", ""lr"": 1.4999999999999999e-05, ""wall_seconds"": 16.165450663887896, ""transitions_per_second"": 4007.1622156656376, ""train_success"": 0.3133333333333333, ""train_return"": -3.3631978129043576, ""rollout_action_fractions"": [1337, 429, 282], ""loss"": 0.15444908024185283, ""policy_loss"": -0.00044830011188300156, ""value_loss"": 0.31498323855088667, ""entropy"": 0.8647463072358298, ""approx_kl"": 2.6143770881300797e-05, ""clip_fraction"": 0.0, ""grad_norm"": 0.8723956561425817, ""minibatch_updates"": 32, ""finite"": true}"
pong,primary,linear,0,0,0,0,Adam,0.0003,linear decay to 5 percent floor,0.99,0.95,0.2,0.003,0.5,4,8,16,4,descending,65536,0,0.5333333333333333,0.525,"[0.3729166666666667, 0.26493055555555556, 0.36215277777777777]",0.988965036751092,True,12.808462999993935,179.671875,runs/v14/pong-primary-linear-s0/checkpoint.pkl,c387a4e66940f6a00d98019246d9b7f276b6e2bdb44b4c71c4cf508ec93e172c,e06dbc67bb23bb4e3210b2f5ec1c97abc4b2de49322b2d13116c70156913b6c2,,"{""update"": 32, ""transitions"": 65536, ""episodes"": 448, ""level"": ""target"", ""lr"": 1.4999999999999999e-05, ""wall_seconds"": 12.808462999993935, ""transitions_per_second"": 4966.458821424208, ""train_success"": 0.37, ""train_return"": -2.325477753771615, ""rollout_action_fractions"": [725, 627, 696], ""loss"": 0.14368644971880523, ""policy_loss"": -0.001463077065478863, ""value_loss"": 0.2962277409592159, ""entropy"": 0.9881145651079397, ""approx_kl"": 7.159163825409029e-06, ""clip_fraction"": 0.0, ""grad_norm"": 1.811425726526609, ""minibatch_updates"": 32, ""finite"": true}"
pong,primary,linear,1,0,0,0,Adam,0.0003,linear decay to 5 percent floor,0.99,0.95,0.2,0.003,0.5,4,8,16,4,descending,65536,0,0.5805555555555556,0.525,"[0.3668402777777778, 0.2809027777777778, 0.35225694444444444]",0.994817039687803,True,12.840833086927887,183.671875,runs/v14/pong-primary-linear-s1/checkpoint.pkl,faaa7ca50341769d355241f55b92bb677eb4bd0bd124cdebbf142cb5ec0b8f94,73cf40713806bff69bb0963a66b5f6ed678080eef318c0f0b398c1adf9df4844,,"{""update"": 32, ""transitions"": 65536, ""episodes"": 448, ""level"": ""target"", ""lr"": 1.4999999999999999e-05, ""wall_seconds"": 12.840833086927887, ""transitions_per_second"": 5189.959578112524, ""train_success"": 0.35555555555555557, ""train_return"": -2.585640615607667, ""rollout_action_fractions"": [682, 700, 666], ""loss"": 0.146301915570938, ""policy_loss"": -0.0015849225266099365, ""value_loss"": 0.3017753158731291, ""entropy"": 1.0002732796722134, ""approx_kl"": 7.900514931883653e-06, ""clip_fraction"": 0.0, ""grad_norm"": 1.8617008754971909, ""minibatch_updates"": 32, ""finite"": true}"
pong,primary,linear,2,0,0,0,Adam,0.0003,linear decay to 5 percent floor,0.99,0.95,0.2,0.003,0.5,4,8,16,4,descending,65536,0,0.5194444444444445,0.375,"[0.3133680555555556, 0.32586805555555554, 0.3607638888888889]",0.9898237242595996,True,12.725933752139099,187.9375,runs/v14/pong-primary-linear-s2/checkpoint.pkl,d37f44abb23f5b9914ecbd6eed50fda3d248bb746138bf183d7a708d2156e333,9b90b03096d890404af596da42742a014f2885c50be39859c91cbe0dcd344f8a,,"{""update"": 32, ""transitions"": 65536, ""episodes"": 448, ""level"": ""target"", ""lr"": 1.4999999999999999e-05, ""wall_seconds"": 12.725933752139099, ""transitions_per_second"": 5094.880126223707, ""train_success"": 0.3333333333333334, ""train_return"": -2.985525724641623, ""rollout_action_fractions"": [712, 664, 672], ""loss"": 0.15499116669293037, ""policy_loss"": -0.0014908451294176751, ""value_loss"": 0.3189392437185402, ""entropy"": 0.99587001230735, ""approx_kl"": 7.0016226231271824e-06, ""clip_fraction"": 0.0, ""grad_norm"": 1.8421308135437717, ""minibatch_updates"": 32, ""finite"": true}"
pong,primary,mlp,0,128,64,0,Adam,0.0003,linear decay to 5 percent floor,0.99,0.95,0.2,0.003,0.5,4,8,16,4,descending,65536,0,0.3083333333333333,0.575,"[0.5972222222222222, 0.26493055555555556, 0.13784722222222223]",1.0827643292026834,True,14.808739498956129,220.75,runs/v14/pong-primary-mlp-s0/checkpoint.pkl,5127fdb2bf7c5d1f5bad6f86afd3fbd21d5abfd65ec9cd7c3a0c68399ca4f535,e84fcd722a84ac87b6523cc2de8f5091025659a439b6501e571a3a7933773bf0,,"{""update"": 32, ""transitions"": 65536, ""episodes"": 448, ""level"": ""target"", ""lr"": 1.4999999999999999e-05, ""wall_seconds"": 14.808739498956129, ""transitions_per_second"": 4497.1177952115995, ""train_success"": 0.2733333333333333, ""train_return"": -4.077840451526054, ""rollout_action_fractions"": [788, 667, 593], ""loss"": 0.12773914190853933, ""policy_loss"": -0.0005461518196777596, ""value_loss"": 0.2630647163334369, ""entropy"": 1.0823548128337892, ""approx_kl"": 1.0814947602284092e-06, ""clip_fraction"": 0.0, ""grad_norm"": 0.6976595808161727, ""minibatch_updates"": 32, ""finite"": true}"
pong,primary,mlp,1,128,64,0,Adam,0.0003,linear decay to 5 percent floor,0.99,0.95,0.2,0.003,0.5,4,8,16,4,descending,65536,0,0.475,0.22499999999999998,"[0.41354166666666664, 0.05243055555555556, 0.5340277777777778]",1.089151142442494,True,14.742138125991914,211.828125,runs/v14/pong-primary-mlp-s1/checkpoint.pkl,08453226e4f75e4f63187621344488a0cce87ab16fa26368f3fecae65f0c70fa,3bd7c5d31e03aa59647babbca62f70e3116e26bcd871f31d8721dd4eaae4a991,,"{""update"": 32, ""transitions"": 65536, ""episodes"": 448, ""level"": ""target"", ""lr"": 1.4999999999999999e-05, ""wall_seconds"": 14.742138125991914, ""transitions_per_second"": 4430.827678417125, ""train_success"": 0.27, ""train_return"": -4.137997051694016, ""rollout_action_fractions"": [700, 616, 732], ""loss"": 0.1195460926472002, ""policy_loss"": -0.0004165492132652141, ""value_loss"": 0.24646041738951974, ""entropy"": 1.0891889447648193, ""approx_kl"": 8.267060023735246e-07, ""clip_fraction"": 0.0, ""grad_norm"": 0.6568000457828505, ""minibatch_updates"": 32, ""finite"": true}"
pong,primary,mlp,2,128,64,0,Adam,0.0003,linear decay to 5 percent floor,0.99,0.95,0.2,0.003,0.5,4,8,16,4,descending,65536,0,0.36944444444444435,0.5,"[0.06371527777777777, 0.1546875, 0.7815972222222223]",1.0844664347276451,True,14.794920417829417,213.890625,runs/v14/pong-primary-mlp-s2/checkpoint.pkl,c4f2651fd5f5ae2980bd00212c0da6834f8a14e6f87e4d2eb60427c1f1a481dc,038ee95ccdb7deb4346c2a336c789446344229551f075da3eaa655dff7fb53e9,,"{""update"": 32, ""transitions"": 65536, ""episodes"": 448, ""level"": ""target"", ""lr"": 1.4999999999999999e-05, ""wall_seconds"": 14.794920417829417, ""transitions_per_second"": 4341.654042111883, ""train_success"": 0.27666666666666667, ""train_return"": -4.019570912466117, ""rollout_action_fractions"": [591, 680, 777], ""loss"": 0.143831431942974, ""policy_loss"": -0.000388764720994729, ""value_loss"": 0.29495086796300707, ""entropy"": 1.0850791058449327, ""approx_kl"": 1.3548148391774804e-06, ""clip_fraction"": 0.0, ""grad_norm"": 0.7205391175489511, ""minibatch_updates"": 32, ""finite"": true}"
pong,ticks,linear,0,0,0,0,Adam,0.0003,linear decay to 5 percent floor,0.99,0.95,0.2,0.003,0.5,4,8,16,8,descending,65536,0,0.6861111111111111,0.5,"[0.36493055555555554, 0.24253472222222222, 0.39253472222222224]",0.920559525387237,True,24.812282087048516,178.765625,runs/v14/pong-ticks-linear-s0/checkpoint.pkl,9c918704fea35d26f9d79de936b12dec0923cccf533f44cd3bb7bf082c4c7b6e,5423c0bb96260eb18863ceecefa8a47a2fae8fb96fc97a155f8f24067aeb79ad,,"{""update"": 32, ""transitions"": 65536, ""episodes"": 448, ""level"": ""target"", ""lr"": 1.4999999999999999e-05, ""wall_seconds"": 24.812282087048516, ""transitions_per_second"": 2628.866300869438, ""train_success"": 0.5288888888888889, ""train_return"": 0.5495755952747102, ""rollout_action_fractions"": [689, 650, 709], ""loss"": 0.12565241769861596, ""policy_loss"": -0.0014954896243234228, ""value_loss"": 0.2598078788406417, ""entropy"": 0.9186773657938294, ""approx_kl"": 8.434237175186857e-06, ""clip_fraction"": 0.0, ""grad_norm"": 1.7514409386005827, ""minibatch_updates"": 32, ""finite"": true}"
pong,ticks,linear,1,0,0,0,Adam,0.0003,linear decay to 5 percent floor,0.99,0.95,0.2,0.003,0.5,4,8,16,8,descending,65536,0,0.638888888888889,0.625,"[0.37482638888888886, 0.2109375, 0.41423611111111114]",0.9570362331525093,True,28.086846415768377,185.03125,runs/v14/pong-ticks-linear-s1/checkpoint.pkl,458433c8111e40cf90337f2bcc0eb88bdfeee19f667c6319ecaa0671ebdcdbde,7eca919c7608dafa5abaa5ad9b86e8a5f4095ca75a3177a09f3d0d9f0cbaa9bf,,"{""update"": 32, ""transitions"": 65536, ""episodes"": 448, ""level"": ""target"", ""lr"": 1.4999999999999999e-05, ""wall_seconds"": 28.086846415768377, ""transitions_per_second"": 2618.6282219090585, ""train_success"": 0.45, ""train_return"": -0.8751724730541445, ""rollout_action_fractions"": [704, 654, 690], ""loss"": 0.12749834084244016, ""policy_loss"": -0.001596370616291246, ""value_loss"": 0.2639255269385994, ""entropy"": 0.9560173368560994, ""approx_kl"": 7.678087392054375e-06, ""clip_fraction"": 0.0, ""grad_norm"": 1.792477502641025, ""minibatch_updates"": 32, ""finite"": true}"
pong,ticks,linear,2,0,0,0,Adam,0.0003,linear decay to 5 percent floor,0.99,0.95,0.2,0.003,0.5,4,8,16,8,descending,65536,0,0.6222222222222221,0.6,"[0.3541666666666667, 0.22916666666666666, 0.4166666666666667]",0.9491228250924382,True,24.97764533496229,182.765625,runs/v14/pong-ticks-linear-s2/checkpoint.pkl,374e64098bdd962b9e1e1353e4f3a1abb7256fa8fb1813547ec69f58776ed82e,c2bbc294dba33c1455029e460f5a43835f63686de900c4e7431d82a364e001ee,,"{""update"": 32, ""transitions"": 65536, ""episodes"": 448, ""level"": ""target"", ""lr"": 1.4999999999999999e-05, ""wall_seconds"": 24.97764533496229, ""transitions_per_second"": 2617.138957844952, ""train_success"": 0.4711111111111111, ""train_return"": -0.4939340491465161, ""rollout_action_fractions"": [766, 620, 662], ""loss"": 0.1479987723606518, ""policy_loss"": -0.0015640807384692092, ""value_loss"": 0.30486315185971935, ""entropy"": 0.9562409435795616, ""approx_kl"": 7.949951829041232e-06, ""clip_fraction"": 0.0, ""grad_norm"": 1.8236739685370615, ""minibatch_updates"": 32, ""finite"": true}"
snake,all_readout,linear,0,0,0,0,Adam,0.0003,linear decay to 5 percent floor,0.99,0.95,0.2,0.003,0.5,4,8,16,8,all,65536,0,11.45,0.6,"[0.256857855361596, 0.24047025293908086, 0.2600641254007838, 0.24260776629853936]",0.6400045799387455,True,24.953131579095498,205.4375,runs/v14/snake-all_readout-linear-s0/checkpoint.pkl,ecf5804a0bbf404fa4d4a907d2c38c7aeb2cfdc7d6a8c84bc66c8a5ca3a25f26,cbde9028dc35b00d058adccaf1fc379a558ed7904d7992944081c2e2f8cde81a,,"{""update"": 32, ""transitions"": 65536, ""episodes"": 2821, ""level"": ""target"", ""lr"": 1.4999999999999999e-05, ""wall_seconds"": 24.953131579095498, ""transitions_per_second"": 2627.783117100646, ""train_success"": 5.39, ""train_return"": 3.958700000000005, ""rollout_action_fractions"": [520, 517, 527, 484], ""loss"": 0.5142194502028388, ""policy_loss"": -0.0021844137416488383, ""value_loss"": 1.0366332974738022, ""entropy"": 0.6375949308044859, ""approx_kl"": 2.2414604929445802e-05, ""clip_fraction"": 0.0, ""grad_norm"": 2.5785554196404226, ""minibatch_updates"": 32, ""finite"": true}"
snake,all_readout,linear,1,0,0,0,Adam,0.0003,linear decay to 5 percent floor,0.99,0.95,0.2,0.003,0.5,4,8,16,8,all,65536,0,11.15,0.7,"[0.2620137299771167, 0.2543859649122807, 0.2459954233409611, 0.2376048817696415]",0.6080265689926476,True,25.024302539939526,202.0625,runs/v14/snake-all_readout-linear-s1/checkpoint.pkl,6f0a4b6e32ab8dbe93c287ea477b3a7eefc834dbcd537ce5bcc789b357f82d7b,ec66e5559c780d24d7953011961ca6a088c1b134ed6e865595714cf3ed4bd3a6,,"{""update"": 32, ""transitions"": 65536, ""episodes"": 2719, ""level"": ""target"", ""lr"": 1.4999999999999999e-05, ""wall_seconds"": 25.024302539939526, ""transitions_per_second"": 2612.148828306797, ""train_success"": 6.0, ""train_return"": 4.548800000000005, ""rollout_action_fractions"": [507, 526, 523, 492], ""loss"": 0.5788506318537384, ""policy_loss"": -0.0021694754206937447, ""value_loss"": 1.1658263710692847, ""entropy"": 0.6310260867367619, ""approx_kl"": 3.139120288798339e-05, ""clip_fraction"": 0.0, ""grad_norm"": 2.7081525967343607, ""minibatch_updates"": 32, ""finite"": true}"
snake,all_readout,linear,2,0,0,0,Adam,0.0003,linear decay to 5 percent floor,0.99,0.95,0.2,0.003,0.5,4,8,16,8,all,65536,0,12.125,0.675,"[0.24714573539288112, 0.2374076561450638, 0.2605775688381464, 0.25486903962390867]",0.603342608890494,True,25.09300091880141,208.015625,runs/v14/snake-all_readout-linear-s2/checkpoint.pkl,a26ad04f543b46380953a62804b93e0576c3c280616eacd32d6a621e9d2e4b12,da35af0cf16c995a7275c2b1f0ec1444cf665c89f70bd0e1182a4c5ec9e783ed,,"{""update"": 32, ""transitions"": 65536, ""episodes"": 2674, ""level"": ""target"", ""lr"": 1.4999999999999999e-05, ""wall_seconds"": 25.09300091880141, ""transitions_per_second"": 2619.9263114627006, ""train_success"": 6.01, ""train_return"": 4.560800000000006, ""rollout_action_fractions"": [492, 504, 531, 521], ""loss"": 0.5671253601129904, ""policy_loss"": -0.0022042487179012677, ""value_loss"": 1.1423359611941972, ""entropy"": 0.6127905887356224, ""approx_kl"": 7.550342468880945e-05, ""clip_fraction"": 0.000732421875, ""grad_norm"": 2.6852867170137786, ""minibatch_updates"": 32, ""finite"": true}"
snake,primary,gru,0,128,64,64,Adam,0.0003,linear decay to 5 percent floor,0.99,0.95,0.2,0.003,0.5,4,8,16,4,descending,65536,0,0.575,0.6,"[0.27209302325581397, 0.3767441860465116, 0.3511627906976744, 0.0]",1.1570650963598073,True,15.92709071218269,230.421875,runs/v14/snake-primary-gru-s0/checkpoint.pkl,bce4bb192bdd537c60acf9673875c41c08c84f289b9694cc599adabea9d8a063,9a800ae83b3671a03a2c028820169edcdc7971f853ebf82620b6efa101f12356,,"{""update"": 32, ""transitions"": 65536, ""episodes"": 5520, ""level"": ""target"", ""lr"": 1.4999999999999999e-05, ""wall_seconds"": 15.92709071218269, ""transitions_per_second"": 4109.8969342912715, ""train_success"": 0.54, ""train_return"": -0.5919, ""rollout_action_fractions"": [513, 561, 644, 330], ""loss"": 0.038804997627420866, ""policy_loss"": -0.002261262027373937, ""value_loss"": 0.08897564970117496, ""entropy"": 1.1405217319308911, ""approx_kl"": 2.6471737212877642e-05, ""clip_fraction"": 0.0, ""grad_norm"": 0.36678809544827495, ""minibatch_updates"": 32, ""finite"": true}"
snake,primary,gru,1,128,64,64,Adam,0.0003,linear decay to 5 percent floor,0.99,0.95,0.2,0.003,0.5,4,8,16,4,descending,65536,0,1.35,0.55,"[0.28994845360824745, 0.3389175257731959, 0.24871134020618557, 0.12242268041237113]",1.2493856074270526,True,15.865325416845735,231.796875,runs/v14/snake-primary-gru-s1/checkpoint.pkl,d62f33ed181b2ddf78813e1bd304713f08e81493812e6bd2d377e224385528b6,192720f3c705f31e3b2807ef96782abfe1fe525641ae1aa553aaa3094f658314,,"{""update"": 32, ""transitions"": 65536, ""episodes"": 5562, ""level"": ""target"", ""lr"": 1.4999999999999999e-05, ""wall_seconds"": 15.865325416845735, ""transitions_per_second"": 4186.933924718739, ""train_success"": 0.41, ""train_return"": -0.7380000000000001, ""rollout_action_fractions"": [518, 530, 534, 466], ""loss"": 0.03545258676447514, ""policy_loss"": -0.0024780162883314277, ""value_loss"": 0.08327488171797293, ""entropy"": 1.2356126020599651, ""approx_kl"": 6.1027191219344894e-05, ""clip_fraction"": 0.0, ""grad_norm"": 0.355042991037382, ""minibatch_updates"": 32, ""finite"": true}"
snake,primary,gru,2,128,64,64,Adam,0.0003,linear decay to 5 percent floor,0.99,0.95,0.2,0.003,0.5,4,8,16,4,descending,65536,0,0.825,0.625,"[0.31392931392931395, 0.37214137214137216, 0.25571725571725573, 0.058212058212058215]",1.1742385385186365,True,15.953010831784923,229.859375,runs/v14/snake-primary-gru-s2/checkpoint.pkl,c6d368187c3bc3df7fab0cb23aefbdc8a3f9326f07c8350e1feb5451717cf8e3,828a8da35070d481a760107b691677796ceb5a956615a43d5bc1120a153ac762,,"{""update"": 32, ""transitions"": 65536, ""episodes"": 5578, ""level"": ""target"", ""lr"": 1.4999999999999999e-05, ""wall_seconds"": 15.953010831784923, ""transitions_per_second"": 4013.11086435693, ""train_success"": 0.63, ""train_return"": -0.5262, ""rollout_action_fractions"": [526, 534, 620, 368], ""loss"": 0.06055096677226367, ""policy_loss"": -0.002528580580714021, ""value_loss"": 0.13318343310673536, ""entropy"": 1.1707230667966653, ""approx_kl"": 3.809062308962838e-05, ""clip_fraction"": 0.0, ""grad_norm"": 0.401185336341542, ""minibatch_updates"": 32, ""finite"": true}"
snake,primary,linear,0,0,0,0,Adam,0.0003,linear decay to 5 percent floor,0.99,0.95,0.2,0.003,0.5,4,8,16,4,descending,65536,0,0.875,0.525,"[0.2659732540861813, 0.29271916790490343, 0.2897473997028232, 0.1515601783060921]",1.124900066479928,True,12.900565541931428,183.15625,runs/v14/snake-primary-linear-s0/checkpoint.pkl,a6aee6812986d3fc953e451c643c6f94e9afc7eeedd061c42961177094156b19,29de262acfedd5dd1f6c0c227007f33ead3c9bc5e61ef47a9edad2b153213fd3,,"{""update"": 32, ""transitions"": 65536, ""episodes"": 4682, ""level"": ""target"", ""lr"": 1.4999999999999999e-05, ""wall_seconds"": 12.900565541931428, ""transitions_per_second"": 5062.369141719886, ""train_success"": 0.52, ""train_return"": -0.6299000000000001, ""rollout_action_fractions"": [514, 601, 505, 428], ""loss"": 0.07381952627690755, ""policy_loss"": -0.002094871406768139, ""value_loss"": 0.1585898123855888, ""entropy"": 1.1268361697062368, ""approx_kl"": 0.0003423241230614036, ""clip_fraction"": 0.005615234375, ""grad_norm"": 1.7141942218589983, ""minibatch_updates"": 32, ""finite"": true}"
snake,primary,linear,1,0,0,0,Adam,0.0003,linear decay to 5 percent floor,0.99,0.95,0.2,0.003,0.5,4,8,16,4,descending,65536,0,1.5,0.44999999999999996,"[0.25842696629213485, 0.27681307456588355, 0.2686414708886619, 0.1961184882533197]",1.1459410600290822,True,12.982340793998446,195.71875,runs/v14/snake-primary-linear-s1/checkpoint.pkl,790947541d976d8690fd2b538f37627c483121f0f195d25729704c72ec517e8f,085c13d49b22729e6a65d47916e827f43f344ad2cd87b7e5af6c3cc409d0daf1,,"{""update"": 32, ""transitions"": 65536, ""episodes"": 4706, ""level"": ""target"", ""lr"": 1.4999999999999999e-05, ""wall_seconds"": 12.982340793998446, ""transitions_per_second"": 5045.995232129054, ""train_success"": 0.73, ""train_return"": -0.43779999999999986, ""rollout_action_fractions"": [564, 500, 501, 483], ""loss"": 0.08580146291174962, ""policy_loss"": -0.0017489523354517877, ""value_loss"": 0.18194570708109892, ""entropy"": 1.140812764449349, ""approx_kl"": 6.83005012416587e-05, ""clip_fraction"": 0.0, ""grad_norm"": 1.710904376669709, ""minibatch_updates"": 32, ""finite"": true}"
snake,primary,linear,2,0,0,0,Adam,0.0003,linear decay to 5 percent floor,0.99,0.95,0.2,0.003,0.5,4,8,16,4,descending,65536,0,1.025,0.525,"[0.2632794457274827, 0.26212471131639725, 0.3325635103926097, 0.1420323325635104]",1.1360546869842811,True,13.052855168818496,194.25,runs/v14/snake-primary-linear-s2/checkpoint.pkl,a832af21a007d28f2ecdf4e48943257010548dec109f06a21c99b3fae6fe4694,85ed14d1aba1f38f9e31fdcca937895ccee6666473b3f81001b990b5cbaa571e,,"{""update"": 32, ""transitions"": 65536, ""episodes"": 4672, ""level"": ""target"", ""lr"": 1.4999999999999999e-05, ""wall_seconds"": 13.052855168818496, ""transitions_per_second"": 5140.05263012759, ""train_success"": 0.46, ""train_return"": -0.6970000000000001, ""rollout_action_fractions"": [489, 522, 589, 448], ""loss"": 0.07473845867873277, ""policy_loss"": -0.0017581031020863624, ""value_loss"": 0.15968509195547007, ""entropy"": 1.115328065638627, ""approx_kl"": 2.765701659191077e-05, ""clip_fraction"": 0.0, ""grad_norm"": 1.7130230152598047, ""minibatch_updates"": 32, ""finite"": true}"
snake,primary,mlp,0,128,64,0,Adam,0.0003,linear decay to 5 percent floor,0.99,0.95,0.2,0.003,0.5,4,8,16,4,descending,65536,0,0.725,0.32499999999999996,"[0.19461077844311378, 0.3937125748502994, 0.3652694610778443, 0.04640718562874251]",1.1942715300207183,True,14.891309372032993,229.984375,runs/v14/snake-primary-mlp-s0/checkpoint.pkl,37bc565f28e1cf4c7077328a33f988fde66edddcd91d61b67f34b1852b072d4a,d45176ad731a593935461f6bfa133e9fcba1902c6482420ce8139fe594774e45,,"{""update"": 32, ""transitions"": 65536, ""episodes"": 5346, ""level"": ""target"", ""lr"": 1.4999999999999999e-05, ""wall_seconds"": 14.891309372032993, ""transitions_per_second"": 4434.055734902375, ""train_success"": 0.31, ""train_return"": -0.8436999999999999, ""rollout_action_fractions"": [473, 589, 579, 407], ""loss"": 0.03278641529442152, ""policy_loss"": -0.0034292958750194455, ""value_loss"": 0.07959134170877005, ""entropy"": 1.1933198949813548, ""approx_kl"": 0.0001200404807556398, ""clip_fraction"": 0.0, ""grad_norm"": 0.47289410287069467, ""minibatch_updates"": 32, ""finite"": true}"
snake,primary,mlp,1,128,64,0,Adam,0.0003,linear decay to 5 percent floor,0.99,0.95,0.2,0.003,0.5,4,8,16,4,descending,65536,0,0.65,0.525,"[0.32642487046632124, 0.2763385146804836, 0.39378238341968913, 0.0034542314335060447]",1.1517410750042423,True,14.989950413932092,229.953125,runs/v14/snake-primary-mlp-s1/checkpoint.pkl,a7b7b80074ec4a2b6a334a1565a0dbcf921c85c56f890f41e07d0733c2e0d755,294f2b7e20a49fcbd7e50765afd115607215f8092d627ba27b51771af13fd109,,"{""update"": 32, ""transitions"": 65536, ""episodes"": 5309, ""level"": ""target"", ""lr"": 1.4999999999999999e-05, ""wall_seconds"": 14.989950413932092, ""transitions_per_second"": 4408.770687084589, ""train_success"": 0.51, ""train_return"": -0.6369, ""rollout_action_fractions"": [557, 575, 553, 363], ""loss"": 0.046847671615183974, ""policy_loss"": -0.0029353120071270136, ""value_loss"": 0.10654974000167838, ""entropy"": 1.1639621261760684, ""approx_kl"": 3.728266381102184e-05, ""clip_fraction"": 0.0, ""grad_norm"": 0.4961076315332505, ""minibatch_updates"": 32, ""finite"": true}"
snake,primary,mlp,2,128,64,0,Adam,0.0003,linear decay to 5 percent floor,0.99,0.95,0.2,0.003,0.5,4,8,16,4,descending,65536,0,0.55,0.44999999999999996,"[0.21929824561403508, 0.3824561403508772, 0.35964912280701755, 0.03859649122807018]",1.1869991799905208,True,15.38834654103266,233.65625,runs/v14/snake-primary-mlp-s2/checkpoint.pkl,3c3a6148c53dac6ebab887ed02f29946320d3cf434a6e8bc49c4062d86461c03,f527f32efc550741be68e1f6e802b4b223c50cdf34eaffdd2cc2a08cfbea71c2,,"{""update"": 32, ""transitions"": 65536, ""episodes"": 5374, ""level"": ""target"", ""lr"": 1.4999999999999999e-05, ""wall_seconds"": 15.38834654103266, ""transitions_per_second"": 4428.442438258616, ""train_success"": 0.3, ""train_return"": -0.8408000000000001, ""rollout_action_fractions"": [472, 557, 614, 405], ""loss"": 0.02724672291582393, ""policy_loss"": -0.00258112942977124, ""value_loss"": 0.06680667520570109, ""entropy"": 1.1918284190851232, ""approx_kl"": 2.4279229739986186e-05, ""clip_fraction"": 0.0, ""grad_norm"": 0.45929277351809, ""minibatch_updates"": 32, ""finite"": true}"
snake,ticks,linear,0,0,0,0,Adam,0.0003,linear decay to 5 percent floor,0.99,0.95,0.2,0.003,0.5,4,8,16,8,descending,65536,0,3.45,0.5,"[0.2619191309595655, 0.2739891369945685, 0.22389861194930596, 0.24019312009656005]",1.0965723272289716,True,24.468921254156157,181.25,runs/v14/snake-ticks-linear-s0/checkpoint.pkl,3f4a9ae4d2e9c76af52413fc2859000f4ecfd83245422736c823fbe6d7913923,f2c8c7e86f6c08bf6dc083ded902935886a681c50e3b6bf83d1327ef2427eb55,,"{""update"": 32, ""transitions"": 65536, ""episodes"": 3835, ""level"": ""target"", ""lr"": 1.4999999999999999e-05, ""wall_seconds"": 24.468921254156157, ""transitions_per_second"": 2671.5578543368883, ""train_success"": 1.08, ""train_return"": -0.16259999999999994, ""rollout_action_fractions"": [553, 552, 468, 475], ""loss"": 0.07954854291155607, ""policy_loss"": -0.001863452739242405, ""value_loss"": 0.1693411346982811, ""entropy"": 1.0861905661140252, ""approx_kl"": 3.4185089098607824e-05, ""clip_fraction"": 0.0, ""grad_norm"": 1.687576806501327, ""minibatch_updates"": 32, ""finite"": true}"
snake,ticks,linear,1,0,0,0,Adam,0.0003,linear decay to 5 percent floor,0.99,0.95,0.2,0.003,0.5,4,8,16,8,descending,65536,0,3.35,0.625,"[0.27380170715692714, 0.28890347997373605, 0.2179908076165463, 0.21930400525279053]",1.052181464881765,True,25.675583166943397,183.5625,runs/v14/snake-ticks-linear-s1/checkpoint.pkl,3d9152fccf9f11e1e2c1ca815105a77de52286920a0b5bdb93e7821f45e869c6,edae2c4d381a8b6159d4b660368ef4b7596c140d59736c9bcf7aa9e1a36bb492,,"{""update"": 32, ""transitions"": 65536, ""episodes"": 3896, ""level"": ""target"", ""lr"": 1.4999999999999999e-05, ""wall_seconds"": 25.675583166943397, ""transitions_per_second"": 2221.2310315015184, ""train_success"": 1.06, ""train_return"": -0.15799999999999992, ""rollout_action_fractions"": [541, 543, 528, 436], ""loss"": 0.07686429468179001, ""policy_loss"": -0.0019193762980943578, ""value_loss"": 0.16385532604156158, ""entropy"": 1.0479973469654746, ""approx_kl"": 1.4523867417124622e-05, ""clip_fraction"": 0.0, ""grad_norm"": 1.6364032512969517, ""minibatch_updates"": 32, ""finite"": true}"
snake,ticks,linear,2,0,0,0,Adam,0.0003,linear decay to 5 percent floor,0.99,0.95,0.2,0.003,0.5,4,8,16,8,descending,65536,0,3.15,0.625,"[0.2694986072423398, 0.282033426183844, 0.23467966573816157, 0.2137883008356546]",1.0619990009902158,True,26.122706039750483,179.625,runs/v14/snake-ticks-linear-s2/checkpoint.pkl,38def52a7b1c95218bc2a14a978742eaf062b50a4492c716a439b3d6c38fdbea,6e702d9ab68c560dfccc5a94990665f43433804e10ec97cec800b43b9dc016c4,,"{""update"": 32, ""transitions"": 65536, ""episodes"": 3987, ""level"": ""target"", ""lr"": 1.4999999999999999e-05, ""wall_seconds"": 26.122706039750483, ""transitions_per_second"": 2678.180429521449, ""train_success"": 0.97, ""train_return"": -0.24620000000000009, ""rollout_action_fractions"": [533, 562, 493, 460], ""loss"": 0.09045314791386004, ""policy_loss"": -0.0017749771692383773, ""value_loss"": 0.19082391643280877, ""entropy"": 1.0612777111019864, ""approx_kl"": 1.5279377234051858e-05, ""clip_fraction"": 0.0, ""grad_norm"": 1.6938838968532737, ""minibatch_updates"": 32, ""finite"": true}"
