run,task,phase,arch,ticks,readout,transitions,dev_score,state_probe,greedy_dominant_action,entropy_first_quarter,entropy_last_quarter,value_loss_first_quarter,value_loss_last_quarter,clip_fraction_last_quarter,approx_kl_last_quarter,grad_norm_first_quarter,grad_norm_last_quarter,train_success_last_quarter,rollout_dominant_action_last_quarter,curve,curve_peak,curve_final,late_drop,still_rising,wall_seconds,transitions_per_second
catch-primary-gru-s0,catch,primary,gru,4,descending,65536,0.20416666666666666,0.025000000000000022,0.934375,1.0623644534047048,0.9652270263774168,0.7795276687026322,0.8538900450807752,0.0,4.544625978200821e-05,1.0065207507694898,1.2825491373708586,0.20604166666666668,0.51641845703125,"[0.125, 0.125, 0.125, 0.125]",0.125,0.125,0.0,True,16.564801330736373,3956.340839319119
catch-primary-gru-s1,catch,primary,gru,4,descending,65536,0.1875,0.0,1.0,1.061224066785286,0.8093733007708386,0.8266895028870958,0.9360757067316139,0.0,1.9273317298912974e-05,1.0623450363097702,1.330167624157606,0.201875,0.69342041015625,"[0.14583333333333331, 0.14583333333333331, 0.14583333333333331, 0.14583333333333331]",0.14583333333333331,0.14583333333333331,0.0,True,16.54516449890798,3961.0364710683616
catch-primary-gru-s2,catch,primary,gru,4,descending,65536,0.2458333333333333,0.0,0.9583333333333334,1.0823200842867187,1.0553537679789757,0.7906809213071518,0.9413359186239882,0.0,7.171973619267869e-05,1.0164307443913971,1.6678259267816078,0.195,0.44732666015625,"[0.15625, 0.29166666666666663, 0.125, 0.125]",0.29166666666666663,0.125,0.16666666666666663,False,16.7459875838249,3913.5344912892338
catch-primary-linear-s0,catch,primary,linear,4,descending,65536,0.7291666666666666,0.275,0.4197916666666667,1.0567851206945764,0.8401782879678904,1.7445573099691503,1.013629984425457,0.0008697509765625,0.0001247315171712185,2.6995273124742356,2.1010157094468043,0.44062500000000004,0.34197998046875,"[0.6041666666666666, 0.75, 0.8020833333333334, 0.8229166666666667]",0.8229166666666667,0.8229166666666667,0.0,True,13.139494629111141,4987.710855697756
catch-primary-linear-s1,catch,primary,linear,4,descending,65536,0.7041666666666666,0.5,0.4322916666666667,1.0636911802365252,0.8529337159316672,1.6986810037197486,0.970498913485659,0.00146484375,0.0001799234942374085,2.710618860891702,2.0895893260647305,0.41125,0.34326171875,"[0.53125, 0.6145833333333333, 0.7916666666666667, 0.78125]",0.7916666666666667,0.78125,0.01041666666666674,False,13.181887830316555,4971.670283013339
catch-primary-linear-s2,catch,primary,linear,4,descending,65536,0.75,0.35,0.4583333333333333,1.0631899806394949,0.8627995145676484,1.6551832318880009,1.012576634471138,0.0016326904296875,0.0001857832824631429,2.637415210866009,2.1327572807197424,0.4345833333333333,0.3460693359375,"[0.4583333333333333, 0.6979166666666667, 0.71875, 0.7708333333333333]",0.7708333333333333,0.7708333333333333,0.0,True,13.16454679198796,4978.219230447469
catch-primary-mlp-s0,catch,primary,mlp,4,descending,65536,0.2,0.0,0.9958333333333333,1.0954915519109916,1.0946999186477626,1.3443286023362522,1.1843724238464124,0.0,3.33764688611772e-05,1.400994221307322,2.070058692927126,0.20666666666666667,0.3668212890625,"[0.23958333333333331, 0.20833333333333331, 0.125, 0.125]",0.23958333333333331,0.125,0.11458333333333331,False,15.160395249957219,4322.842440416251
catch-primary-mlp-s1,catch,primary,mlp,4,descending,65536,0.20833333333333331,0.0,0.9583333333333334,1.0973917106173716,1.0756460181062175,1.263242818902687,1.1620168767743426,0.0,5.231730382685652e-05,1.3665115588411199,2.1575837929872117,0.20500000000000002,0.4195556640625,"[0.29166666666666663, 0.17708333333333331, 0.24999999999999997, 0.24999999999999997]",0.29166666666666663,0.24999999999999997,0.04166666666666666,False,15.21150275011314,4308.318584731055
catch-primary-mlp-s2,catch,primary,mlp,4,descending,65536,0.19999999999999998,0.19999999999999996,0.9770833333333333,1.0968712247928223,1.085451204001391,1.353776820112064,1.2883370352972356,0.0,0.0001105535976751698,1.4073587311307436,2.2565693288142996,0.20604166666666668,0.4002685546875,"[0.25, 0.23958333333333331, 0.23958333333333331, 0.25]",0.25,0.25,0.0,True,15.174745210912079,4318.754554961055
catch-ticks-linear-s0,catch,ticks,linear,8,descending,65536,0.9375,0.32499999999999996,0.5541666666666667,1.0327265357974857,0.5260525588965989,1.6691707427527978,1.4257127365735593,0.000457763671875,9.865090035177682e-05,2.6167264092152633,2.2367024331204943,0.734375,0.42181396484375,"[0.8645833333333334, 0.9791666666666667, 0.9791666666666667, 0.9791666666666667]",0.9791666666666667,0.9791666666666667,0.0,True,26.132738623127807,2507.8121717407685
catch-ticks-linear-s1,catch,ticks,linear,8,descending,65536,0.9708333333333332,0.5,0.5197916666666667,1.0333454140043055,0.5309298956319918,1.549984258356981,1.3940292768482503,0.001068115234375,0.0001250829177862929,2.6126889340124926,2.240543604589998,0.7150000000000001,0.404541015625,"[0.8229166666666667, 0.9166666666666666, 0.9166666666666667, 0.9375]",0.9375,0.9375,0.0,True,26.3247212509159,2489.523037123132
catch-ticks-linear-s2,catch,ticks,linear,8,descending,65536,0.95,0.42500000000000004,0.5177083333333333,1.03809518804464,0.5410971684539285,1.628481366214145,1.3687097852538335,0.0002899169921875,7.1909817353854e-05,2.6400925566502704,2.224157702129072,0.7129166666666666,0.40673828125,"[0.8333333333333333, 0.90625, 0.9583333333333334, 0.9479166666666667]",0.9583333333333334,0.9479166666666667,0.01041666666666663,False,26.34689325018553,2487.428000625406
dodge-primary-gru-s0,dodge,primary,gru,4,descending,65536,0.7625,0.0,1.0,1.0895773608948962,0.9822730241394187,0.7709356880166751,1.0391565869223571,0.0,2.3532703388675597e-05,0.9861647940513915,1.5935864115477902,0.8116666666666665,0.53387451171875,"[0.8958333333333334, 0.78125, 0.8958333333333334, 0.8958333333333334]",0.8958333333333334,0.8958333333333334,0.0,True,17.119284750893712,3828.19731978456
dodge-primary-gru-s1,dodge,primary,gru,4,descending,65536,0.8083333333333333,0.0,0.9583333333333334,1.0930023170462242,0.9505456943308992,0.759060600027932,0.923236413086852,0.0,0.00021174578832805827,1.0304079726079038,1.494366209381497,0.799375,0.52520751953125,"[0.8020833333333334, 0.8020833333333334, 0.75, 0.75]",0.8020833333333334,0.75,0.05208333333333337,False,17.125906584900804,3826.7171244400197
dodge-primary-gru-s2,dodge,primary,gru,4,descending,65536,0.7708333333333333,0.0,1.0,1.0675787678593034,0.6708124857188742,0.812828967061308,0.9270435079577427,0.0,6.667221232877667e-05,1.0728917794329347,1.569056568779965,0.7987499999999998,0.76104736328125,"[0.75, 0.75, 0.75, 0.75]",0.75,0.75,0.0,True,17.768237710057292,3688.379290586871
dodge-primary-linear-s0,dodge,primary,linear,4,descending,65536,0.9583333333333334,0.5,0.4895833333333333,1.0670568654035635,0.9184567850076375,1.8601563185154157,2.0002114756627085,0.000946044921875,0.00014718571663429353,2.839227341321943,2.7294272218910214,0.8866666666666666,0.36468505859375,"[0.875, 0.8854166666666667, 0.90625, 0.9375]",0.9375,0.9375,0.0,True,13.27768724685302,4935.79934378503
dodge-primary-linear-s1,dodge,primary,linear,4,descending,65536,0.9375,0.625,0.33958333333333335,1.0693026270611372,0.9565676913704773,1.9541060562445327,1.8980074092276347,0.001556396484375,0.00017680312239455319,2.844717318278594,2.727654064874014,0.8835416666666667,0.3463134765625,"[0.90625, 0.9270833333333334, 0.9375, 0.9479166666666667]",0.9479166666666667,0.9479166666666667,0.0,True,13.313339791784529,4922.581487812797
dodge-primary-linear-s2,dodge,primary,linear,4,descending,65536,0.9291666666666668,0.22499999999999998,0.43125,1.0686344699060046,0.9220402915990771,1.982391272362244,2.023891288629844,0.0020751953125,0.0002467335606604234,2.8894101765957956,2.7329614869507113,0.8870833333333332,0.36865234375,"[0.9270833333333334, 0.90625, 0.84375, 0.9166666666666667]",0.9270833333333334,0.9166666666666667,0.01041666666666663,False,13.3046964147361,4925.779435854938
dodge-primary-mlp-s0,dodge,primary,mlp,4,descending,65536,0.8625,0.0,1.0,1.0958406451933989,0.7095705247929451,1.219516373918802,1.2696124611952169,1.52587890625e-05,6.769566206868447e-05,1.28011176152115,1.9156989882748747,0.7972916666666666,0.73089599609375,"[0.7708333333333333, 0.78125, 0.78125, 0.78125]",0.78125,0.78125,0.0,True,15.495314707688522,4229.407484539963
dodge-primary-mlp-s1,dodge,primary,mlp,4,descending,65536,0.7916666666666667,0.0,1.0,1.0951300643651032,0.5350786771631291,1.2605878464780245,1.1200036593247271,0.0,3.948457121827811e-05,1.3546062494491373,2.027194400963059,0.81375,0.83575439453125,"[0.7708333333333334, 0.7708333333333334, 0.7708333333333334, 0.7708333333333334]",0.7708333333333334,0.7708333333333334,0.0,True,15.469460291787982,4236.476177180532
dodge-primary-mlp-s2,dodge,primary,mlp,4,descending,65536,0.7708333333333333,0.0,1.0,1.0821018370391036,0.613927107864539,1.3496522095780337,1.2043452409697435,0.0,2.4845125689418377e-05,1.4117106009714597,1.8974876180863742,0.7922916666666666,0.786865234375,"[0.7604166666666666, 0.75, 0.75, 0.75]",0.7604166666666666,0.75,0.01041666666666663,False,15.729523048212286,4166.432751910325
dodge-ticks-linear-s0,dodge,ticks,linear,8,descending,65536,0.9666666666666668,0.525,0.53125,1.0570078046396674,0.8452040251414683,2.0431034347606527,2.6553753841135643,0.0023040771484375,0.0002461851596429147,2.9112477454973034,3.0486404561053253,0.915625,0.41119384765625,"[0.9375, 0.96875, 0.96875, 0.9791666666666667]",0.9791666666666667,0.9791666666666667,0.0,True,26.341416413837578,2487.9451799552003
dodge-ticks-linear-s1,dodge,ticks,linear,8,descending,65536,0.8958333333333334,0.475,0.4979166666666667,1.0524975305416007,0.8402779968554392,2.011461130873993,2.7221004682788683,0.0012969970703125,0.00021008250502961258,2.8352461358310332,3.130271646470014,0.8985416666666668,0.42132568359375,"[0.9583333333333334, 0.875, 0.9166666666666667, 0.8958333333333334]",0.9583333333333334,0.8958333333333334,0.0625,False,26.314392290078104,2490.5002280714075
dodge-ticks-linear-s2,dodge,ticks,linear,8,descending,65536,0.8916666666666668,0.625,0.44479166666666664,1.0524294670190382,0.8149006104153209,2.018294209771646,2.8423805445378765,0.0005950927734375,0.00010662432784739153,2.9132808835128214,3.0488363097210183,0.8933333333333333,0.4002685546875,"[0.9583333333333334, 0.9375, 0.9166666666666667, 0.9166666666666667]",0.9583333333333334,0.9166666666666667,0.04166666666666663,False,26.285031833220273,2493.282124055581
flappy-all_readout-gru-s0,flappy,all_readout,gru,4,all,65536,0.3666666666666666,0.0,0.8872901678657075,0.6039262972109836,0.23657564917558824,0.021383140757273034,0.3246123698027318,0.0084381103515625,0.0007372646201252365,0.20234208742367876,0.6134716927619839,0.2841666666666667,0.8704833984375,"[0.020833333333333332, 0.08333333333333333, 0.25, 0.40625]",0.40625,0.40625,0.0,True,17.93007354286965,3655.088187078968
flappy-all_readout-gru-s1,flappy,all_readout,gru,4,all,65536,0.2,0.0,0.8664987405541562,0.5931679397838479,0.27577124704359474,0.018396231512552028,0.08688432736513355,0.0149383544921875,0.0012900748111135652,0.19991633794906793,0.4364206690665508,0.09437499999999999,0.824951171875,"[0.05208333333333333, 0.03125, 0.08333333333333333, 0.21875]",0.21875,0.21875,0.0,True,18.08964337699581,3622.846433962355
flappy-all_readout-gru-s2,flappy,all_readout,gru,4,all,65536,0.2,0.0,0.8215892053973014,0.6016944547595707,0.31602760351441206,0.020306159178631714,0.0721444005937765,0.0179901123046875,0.001542222764319664,0.2130439295641286,0.452879217450642,0.06791666666666667,0.78594970703125,"[0.03125, 0.020833333333333332, 0.11458333333333333, 0.19791666666666663]",0.19791666666666663,0.19791666666666663,0.0,True,18.029826917976607,3634.865730999195
flappy-curriculum-gru-s0,flappy,curriculum,gru,4,descending,131072,0.3208333333333333,0.07499999999999996,0.884437596302003,0.5104841094028855,0.21021026517252767,0.03891068955178746,0.3110678338926083,0.00830841064453125,0.0007168409289792636,0.22249713587718833,0.6540956814460944,0.25312500000000004,0.868377685546875,"[0.0, 0.0625, 0.2708333333333333, 0.20833333333333331, 0.17708333333333331, 0.32291666666666663, 0.2916666666666667, 0.32291666666666663]",0.32291666666666663,0.32291666666666663,0.0,True,32.660155753663275,4013.2080504637065
flappy-curriculum-gru-s1,flappy,curriculum,gru,4,descending,131072,0.2791666666666667,0.07499999999999996,0.8822790113112694,0.46533581455243656,0.17766201551919883,0.05873965968684418,0.3406992760026194,0.0055389404296875,0.00048800674631144263,0.24919738083834295,0.7622177907111947,0.2911458333333333,0.88134765625,"[0.0, 0.09375, 0.14583333333333331, 0.22916666666666666, 0.19791666666666663, 0.21875, 0.20833333333333334, 0.2604166666666667]",0.2604166666666667,0.2604166666666667,0.0,True,32.64312716689892,4015.301577261593
flappy-curriculum-gru-s2,flappy,curriculum,gru,4,descending,131072,0.2625,0.125,0.8882559158632778,0.4727826366437875,0.19088986778801548,0.057627124055819115,0.318508806059849,0.00659942626953125,0.0005770945418102839,0.2445140525177365,0.710650902461524,0.2685416666666667,0.881103515625,"[0.0, 0.07291666666666666, 0.25, 0.20833333333333331, 0.375, 0.45833333333333337, 0.34375, 0.23958333333333331]",0.45833333333333337,0.23958333333333331,0.21875000000000006,False,32.80001441697823,3996.095804523591
flappy-longer-gru-s0,flappy,longer,gru,4,descending,131072,0.3166666666666666,0.09999999999999998,0.8672360248447205,0.4978880459894403,0.21564282176273855,0.043503726966854686,0.2582778536235071,0.0088653564453125,0.0007656518732446435,0.21717684005376442,0.6372734199310461,0.18645833333333334,0.8558349609375,"[0.0, 0.07291666666666666, 0.19791666666666666, 0.10416666666666666, 0.26041666666666663, 0.33333333333333337, 0.3645833333333333, 0.17708333333333334]",0.3645833333333333,0.17708333333333334,0.18749999999999997,False,32.731667880900204,4004.4399960591068
flappy-longer-gru-s1,flappy,longer,gru,4,descending,131072,0.325,0.15000000000000002,0.8750492707922743,0.4774303875089654,0.20586291930765607,0.05498257264796378,0.30870567181989894,0.01155853271484375,0.0009687428888318691,0.23454960796806357,0.721258746763378,0.22572916666666668,0.866668701171875,"[0.0, 0.13541666666666669, 0.15625, 0.16666666666666666, 0.23958333333333334, 0.17708333333333331, 0.23958333333333334, 0.35416666666666663]",0.35416666666666663,0.35416666666666663,0.0,True,32.75684529537102,4001.3621219660677
flappy-longer-gru-s2,flappy,longer,gru,4,descending,131072,0.4291666666666667,0.17500000000000004,0.8889949109414759,0.47025384063220277,0.19861579734284712,0.04731172645371923,0.29988226840513205,0.00826263427734375,0.0007069895280121612,0.2301442716757961,0.6735877172967338,0.24322916666666666,0.872406005859375,"[0.0, 0.0, 0.3125, 0.16666666666666669, 0.2708333333333333, 0.14583333333333331, 0.16666666666666666, 0.21875]",0.3125,0.21875,0.09375,False,32.62081341102021,4018.0481813405754
flappy-primary-gru-s0,flappy,primary,gru,4,descending,65536,0.12916666666666665,0.09999999999999998,0.8877146631439894,0.6315931095364251,0.25051775437615637,0.02071020796128232,0.2529080981635846,0.0053558349609375,0.0005431211960908323,0.19560716136327205,0.504087027325763,0.1875,0.879150390625,"[0.0, 0.020833333333333332, 0.10416666666666666, 0.10416666666666666]",0.10416666666666666,0.10416666666666666,0.0,True,16.18229271110613,4049.858766614804
flappy-primary-gru-s1,flappy,primary,gru,4,descending,65536,0.2166666666666667,0.07499999999999996,0.8900152052711606,0.6418740070702984,0.268288648326078,0.02064660946836897,0.21161367733614644,0.0062408447265625,0.0005973936742751501,0.184960099485206,0.46703505719149496,0.15437499999999998,0.87249755859375,"[0.0, 0.0, 0.17708333333333331, 0.20833333333333331]",0.20833333333333331,0.20833333333333331,0.0,True,16.102416587993503,4069.9481125625466
flappy-primary-gru-s2,flappy,primary,gru,4,descending,65536,0.2416666666666667,0.09999999999999998,0.8957654723127035,0.6006214771203378,0.24856414599814275,0.028213920635081748,0.22982051406287082,0.00482177734375,0.00045664822421329293,0.20470375821831746,0.4738311129188706,0.15729166666666666,0.88226318359375,"[0.0, 0.020833333333333332, 0.08333333333333333, 0.14583333333333331]",0.14583333333333331,0.14583333333333331,0.0,True,16.028755332168657,4088.651841136633
flappy-primary-linear-s0,flappy,primary,linear,4,descending,65536,0.0,0.42500000000000004,0.5257048092868989,0.6661404281028451,0.5710931105527259,0.358929659599011,0.14161135197899458,0.001678466796875,0.00022980012871950308,1.7771146408420588,1.4080816952642734,0.00020833333333333332,0.5579833984375,"[0.0, 0.0, 0.0, 0.0]",0.0,0.0,0.0,True,12.563287629862316,5216.468963444262
flappy-primary-linear-s1,flappy,primary,linear,4,descending,65536,0.008333333333333333,0.07499999999999996,0.9409681227863046,0.653931264502837,0.2573698900325629,0.376453155145243,0.14267148369850152,1.52587890625e-05,6.413814565866619e-05,1.8664506953554907,0.9306000193580619,0.03979166666666667,0.861328125,"[0.0, 0.041666666666666664, 0.010416666666666666, 0.010416666666666666]",0.041666666666666664,0.010416666666666666,0.03125,False,12.61522708577104,5194.991699667407
flappy-primary-linear-s2,flappy,primary,linear,4,descending,65536,0.0,0.35,0.5217391304347826,0.658577846040653,0.5573906024718921,0.3627282247221076,0.14416283812309377,0.001129150390625,0.00012279153556079447,1.7065499482586175,1.3986278852898675,0.00020833333333333332,0.52703857421875,"[0.0, 0.0, 0.0, 0.0]",0.0,0.0,0.0,True,12.785859330906533,5125.662523252038
flappy-primary-mlp-s0,flappy,primary,mlp,4,descending,65536,0.0125,0.050000000000000044,0.9433293978748524,0.6786320337171534,0.23576962343857277,0.04096174670186199,0.08714939423493424,0.0008544921875,0.00010630310521637451,0.2994136882372467,0.27175000784462255,0.039791666666666656,0.8902587890625,"[0.05208333333333333, 0.020833333333333332, 0.03125, 0.03125]",0.05208333333333333,0.03125,0.02083333333333333,False,14.738088005047757,4446.709775213318
flappy-primary-mlp-s1,flappy,primary,mlp,4,descending,65536,0.025,0.0,0.9461009174311926,0.6875549163542494,0.27528618521759357,0.03959104814871039,0.07281903763694152,0.0024566650390625,0.0002739735051801035,0.29361089292163645,0.29768735487832065,0.033125,0.870849609375,"[0.0, 0.03125, 0.020833333333333332, 0.0]",0.03125,0.0,0.03125,False,14.961741665028967,4380.238709319616
flappy-primary-mlp-s2,flappy,primary,mlp,4,descending,65536,0.0125,0.025000000000000022,0.9441805225653207,0.6791923712879767,0.20818569322049313,0.04035878717121411,0.09825995959732703,0.00201416015625,0.00016679976517391774,0.29149325789441805,0.29027912190037025,0.05187499999999999,0.896484375,"[0.041666666666666664, 0.020833333333333332, 0.041666666666666664, 0.05208333333333333]",0.05208333333333333,0.05208333333333333,0.0,True,14.73895470687421,4446.44829320455
flappy-rescue-gru-s0,flappy,rescue,gru,4,descending,131072,0.2333333333333333,0.050000000000000044,0.8859857482185273,0.3409873208169183,0.15409125953887529,0.06419084421886928,0.3295280043324066,0.00665283203125,0.000537044840679119,0.2678947121334901,0.6520692889231752,0.28145833333333337,0.8841552734375,"[0.0, 0.09375, 0.19791666666666663, 0.24999999999999997, 0.2708333333333333, 0.3645833333333333, 0.36458333333333337, 0.4583333333333333]",0.4583333333333333,0.4583333333333333,0.0,True,32.73910112504382,4003.5308086004934
flappy-rescue-gru-s1,flappy,rescue,gru,4,descending,131072,0.25833333333333336,0.125,0.8897122929380994,0.3467798185174803,0.16153794335264324,0.06294025549795121,0.2817765457502516,0.00506591796875,0.00041432455788364964,0.28630559457854815,0.6103135743676202,0.23166666666666666,0.88671875,"[0.0, 0.010416666666666666, 0.21875, 0.27083333333333337, 0.28125, 0.40625, 0.20833333333333334, 0.375]",0.40625,0.375,0.03125,False,33.05944550031563,3964.7367950786893
flappy-rescue-gru-s2,flappy,rescue,gru,4,descending,131072,0.4041666666666666,0.30000000000000004,0.8890356671070013,0.35490654244015485,0.1692788529791282,0.06321025395139222,0.3323442594749272,0.00470733642578125,0.00041734033918623627,0.28499993400038404,0.6497171866055668,0.29010416666666666,0.883392333984375,"[0.0, 0.0625, 0.17708333333333331, 0.30208333333333337, 0.2708333333333333, 0.20833333333333331, 0.23958333333333331, 0.3333333333333333]",0.3333333333333333,0.3333333333333333,0.0,True,33.127145579026546,3956.6342861421867
flappy-ticks-gru-s0,flappy,ticks,gru,8,descending,65536,0.2125,0.125,0.8968968968968969,0.6503623418745927,0.2571007743418822,0.020488544420305115,0.2632042756544372,0.005889892578125,0.000583300889719906,0.19316198358485132,0.5310809085849468,0.19895833333333332,0.8780517578125,"[0.010416666666666666, 0.03125, 0.07291666666666667, 0.12499999999999999]",0.12499999999999999,0.12499999999999999,0.0,True,28.09085625305306,2333.0011520342036
flappy-ticks-gru-s1,flappy,ticks,gru,8,descending,65536,0.0125,0.0,0.6030989272943981,0.6610960898099274,0.418889097888275,0.02205238255662155,0.014525713120726334,0.008453369140625,0.0009274378699773719,0.19211879044782543,0.4404341876299869,0.006874999999999999,0.5947265625,"[0.0, 0.010416666666666666, 0.010416666666666666, 0.010416666666666666]",0.010416666666666666,0.010416666666666666,0.0,True,28.13848775497172,2329.0519579688716
flappy-ticks-gru-s2,flappy,ticks,gru,8,descending,65536,0.17916666666666664,0.09999999999999998,0.890668139149641,0.6448523445680938,0.24751398761719878,0.02262291259181762,0.2649201687276971,0.0081634521484375,0.0007733644801960274,0.19240860738047852,0.5425038815078829,0.22312500000000002,0.8775634765625,"[0.0, 0.05208333333333333, 0.3541666666666667, 0.40625]",0.40625,0.40625,0.0,True,28.103809087944683,2331.9258892956295
pong-all_readout-linear-s0,pong,all_readout,linear,8,all,65536,0.8972222222222221,0.475,0.42725694444444445,1.0417448527002906,0.7967565277857722,0.46653633729064203,0.3403080079964683,0.0004425048828125,0.0001679411771588546,2.3685895128948706,2.2661828374381052,0.8324999999999999,0.37762451171875,"[0.8194444444444444, 0.8958333333333333, 0.9305555555555555, 0.9027777777777777]",0.9305555555555555,0.9027777777777777,0.02777777777777779,False,25.69081020914018,2550.9510780895434
pong-all_readout-linear-s1,pong,all_readout,linear,8,all,65536,0.8194444444444443,0.55,0.42430555555555555,1.0533339846120269,0.7581690294237184,0.46494661908981627,0.32308296333810665,0.0004730224609375,0.00018392850055965436,2.3943132502364115,2.1929541835101003,0.7825,0.38763427734375,"[0.5277777777777778, 0.7916666666666666, 0.8263888888888888, 0.8333333333333333]",0.8333333333333333,0.8333333333333333,0.0,True,25.52332512900466,2567.690521072625
pong-all_readout-linear-s2,pong,all_readout,linear,8,all,65536,0.8833333333333332,0.6,0.45086805555555554,1.0439093884002304,0.781249769231119,0.4889315537316371,0.3096006993274427,0.0003509521484375,0.00016932205743630266,2.3937567896558756,2.2145510192300595,0.8172222222222222,0.382568359375,"[0.7083333333333333, 0.8333333333333333, 0.8819444444444444, 0.875]",0.8819444444444444,0.875,0.00694444444444442,False,25.380455456965137,2582.1443634501447
pong-longer-linear-s0,pong,longer,linear,8,all,131072,0.9361111111111111,0.35,0.4107638888888889,0.9580091708644534,0.7083371972504564,0.38170904981122394,0.310851514564887,0.0002899169921875,0.00014898781372186135,2.2039840766419934,2.1347679594617235,0.9022916666666667,0.38092041015625,"[0.75, 0.8472222222222221, 0.9305555555555556, 0.9444444444444444, 0.9583333333333333, 0.9097222222222221, 0.9652777777777777, 0.9583333333333333]",0.9652777777777777,0.9583333333333333,0.00694444444444442,False,51.00653966702521,2569.7097049838817
pong-longer-linear-s1,pong,longer,linear,8,all,131072,0.9416666666666667,0.6,0.42586805555555557,0.9668141502455101,0.6904016287778203,0.3843387135976444,0.3032279159432616,0.0002593994140625,0.00014473094097394327,2.216706515721957,2.087448027460129,0.9078472222222222,0.394561767578125,"[0.6944444444444444, 0.8055555555555556, 0.8819444444444444, 0.8888888888888888, 0.9513888888888888, 0.9583333333333333, 0.9652777777777777, 0.9375]",0.9652777777777777,0.9375,0.02777777777777768,False,50.67139204207342,2586.706121891588
pong-longer-linear-s2,pong,longer,linear,8,all,131072,0.9388888888888889,0.35,0.4236111111111111,0.9584866065481726,0.7088354813986222,0.3894505847830822,0.2949055386116864,0.0003662109375,0.00016564250361321062,2.1996281477202464,2.0994960144198846,0.8989583333333333,0.38458251953125,"[0.7361111111111112, 0.8055555555555556, 0.8680555555555556, 0.8958333333333333, 0.875, 0.9375, 0.9513888888888888, 0.9722222222222222]",0.9722222222222222,0.9722222222222222,0.0,True,50.80847362696659,2579.7271723280733
pong-primary-gru-s0,pong,primary,gru,4,descending,65536,0.2972222222222222,0.0,1.0,1.0936322700868062,0.7766809361212901,0.16749629167547278,0.29339233965843814,0.0002288818359375,0.00011892375966476608,0.4731375924635726,0.7074972916908575,0.3075,0.70111083984375,"[0.3055555555555556, 0.3055555555555556, 0.3055555555555556, 0.3055555555555556]",0.3055555555555556,0.3055555555555556,0.0,True,16.20052883325843,4045.300043876325
pong-primary-gru-s1,pong,primary,gru,4,descending,65536,0.32222222222222224,0.050000000000000044,0.9842013888888889,1.0978032636837747,1.0313663351701892,0.17035620754009317,0.29633574022925535,1.52587890625e-05,7.540270275548124e-05,0.4578967198235342,0.8240378942603012,0.31430555555555556,0.43719482421875,"[0.32638888888888884, 0.32638888888888884, 0.32638888888888884, 0.32638888888888884]",0.32638888888888884,0.32638888888888884,0.0,True,16.262852999032475,4029.797232004675
pong-primary-gru-s2,pong,primary,gru,4,descending,65536,0.29444444444444445,0.0,1.0,1.0871971934030245,0.8631818888093331,0.17893565485223173,0.3119684873540065,6.103515625e-05,7.3950534650343e-05,0.5074122637750311,0.8221191071837357,0.30986111111111114,0.649169921875,"[0.375, 0.375, 0.375, 0.375]",0.375,0.375,0.0,True,16.165450663887896,4054.0781301198917
pong-primary-linear-s0,pong,primary,linear,4,descending,65536,0.5333333333333333,0.525,0.3729166666666667,1.0709644806712768,0.9902095283246994,0.5253844323062998,0.2941590482207459,4.57763671875e-05,5.42545405946108e-05,2.029414792623845,1.8217396054440451,0.35305555555555557,0.34674072265625,"[0.3680555555555556, 0.5138888888888888, 0.5208333333333333, 0.5277777777777778]",0.5277777777777778,0.5277777777777778,0.0,True,12.808462999993935,5116.617036722598
pong-primary-linear-s1,pong,primary,linear,4,descending,65536,0.5805555555555556,0.525,0.3668402777777778,1.0707147041616885,0.9979250568739987,0.509682749831069,0.29076469418907025,0.0003509521484375,8.19981106215882e-05,2.012778968795317,1.8378484688446737,0.3568055555555556,0.34735107421875,"[0.41666666666666663, 0.4930555555555555, 0.45138888888888884, 0.5277777777777778]",0.5277777777777778,0.5277777777777778,0.0,True,12.840833086927887,5103.718703945805
pong-primary-linear-s2,pong,primary,linear,4,descending,65536,0.5194444444444445,0.375,0.3607638888888889,1.0695235378045385,0.9928745091551208,0.5087643028443041,0.3003902600448488,0.0001678466796875,7.13373543111746e-05,2.00581241655418,1.8408011543140375,0.34472222222222226,0.3463134765625,"[0.3958333333333333, 0.4583333333333333, 0.45138888888888884, 0.5277777777777778]",0.5277777777777778,0.5277777777777778,0.0,True,12.725933752139099,5149.798928427084
pong-primary-mlp-s0,pong,primary,mlp,4,descending,65536,0.3083333333333333,0.575,0.5972222222222222,1.0975624960572254,1.0824580823195238,0.28239058722973126,0.26952813808026244,0.0,9.855603944517997e-06,0.5499327648442425,0.7005466896403941,0.2801388888888889,0.36962890625,"[0.3333333333333333, 0.3402777777777778, 0.3194444444444444, 0.3125]",0.3402777777777778,0.3125,0.02777777777777779,False,14.808739498956129,4425.494823824786
pong-primary-mlp-s1,pong,primary,mlp,4,descending,65536,0.475,0.22499999999999998,0.5340277777777778,1.0977350287840637,1.0894325286891497,0.28002223185282576,0.2606816738764566,0.0,5.534854346962545e-06,0.517138186519183,0.6828888408797942,0.26722222222222225,0.35894775390625,"[0.2986111111111111, 0.3472222222222222, 0.3472222222222222, 0.38888888888888884]",0.38888888888888884,0.38888888888888884,0.0,True,14.742138125991914,4445.488126613958
pong-primary-mlp-s2,pong,primary,mlp,4,descending,65536,0.36944444444444435,0.5,0.7815972222222223,1.0976549121473163,1.0853048226868363,0.2813727250808138,0.2729717969238619,0.0,5.378863279115604e-06,0.5353850022734544,0.6999738036282285,0.27944444444444444,0.37786865234375,"[0.25, 0.26388888888888884, 0.2777777777777778, 0.2638888888888889]",0.2777777777777778,0.2638888888888889,0.013888888888888895,False,14.794920417829417,4429.62842307839
pong-ticks-linear-s0,pong,ticks,linear,8,descending,65536,0.6861111111111111,0.5,0.39253472222222224,1.0605460059637541,0.9212505045409667,0.525747296359719,0.2679660283136183,0.0,5.211920807794765e-05,2.0248567693878208,1.7707276345004075,0.4970833333333333,0.3551025390625,"[0.5347222222222222, 0.6180555555555556, 0.75, 0.6875]",0.75,0.6875,0.0625,False,24.812282087048516,2641.272566952171
pong-ticks-linear-s1,pong,ticks,linear,8,descending,65536,0.638888888888889,0.625,0.41423611111111114,1.0705308852621385,0.9579856643196696,0.5065787764999788,0.2692882265872508,0.0,5.7574360545248084e-05,2.025409133689985,1.804177976107569,0.43347222222222226,0.35540771484375,"[0.4375, 0.5486111111111112, 0.5902777777777778, 0.6319444444444444]",0.6319444444444444,0.6319444444444444,0.0,True,28.086846415768377,2333.3342244933237
pong-ticks-linear-s2,pong,ticks,linear,8,descending,65536,0.6222222222222221,0.6,0.4166666666666667,1.068558099282428,0.9556024559331475,0.5028470754037676,0.2751435719509535,3.0517578125e-05,5.927604248796027e-05,2.013607098039407,1.8045610488896138,0.4423611111111111,0.3531494140625,"[0.5694444444444444, 0.6180555555555556, 0.6319444444444444, 0.625]",0.6319444444444444,0.625,0.00694444444444442,False,24.97764533496229,2623.7861544245097
snake-all_readout-linear-s0,snake,all_readout,linear,8,all,65536,11.45,0.6,0.2600641254007838,1.3117137607146163,0.646713418040686,0.3307085856372581,0.9633024868849638,0.0004119873046875,0.00016877591339442238,2.5588434061699736,2.524918502150155,5.4087499999999995,0.26483154296875,"[4.125, 10.3125, 12.0625, 11.1875]",12.0625,11.1875,0.875,False,24.953131579095498,2626.3637408501795
snake-all_readout-linear-s1,snake,all_readout,linear,8,all,65536,11.15,0.7,0.2620137299771167,1.3092603151349054,0.6273611013003587,0.3442372493260403,1.0512855041666562,0.000457763671875,0.00015712856429438957,2.6110548756402263,2.585273528347326,5.637499999999999,0.26519775390625,"[6.5625, 11.0625, 12.125, 11.3125]",12.125,11.3125,0.8125,False,25.024302539939526,2618.894168794619
snake-all_readout-linear-s2,snake,all_readout,linear,8,all,65536,12.125,0.675,0.2605775688381464,1.3108022676841957,0.6233369832511835,0.3960665701745911,1.1022249381265068,0.000457763671875,0.00015381575624802657,3.0707088009420005,2.6134496976327215,5.950000000000001,0.26116943359375,"[6.625, 12.1875, 12.75, 11.875]",12.75,11.875,0.875,False,25.09300091880141,2611.7242896562407
snake-primary-gru-s0,snake,primary,gru,4,descending,65536,0.575,0.6,0.3767441860465116,1.3833871420176718,1.1559401413331583,0.04461160609592408,0.09915945362754905,9.1552734375e-05,0.00021506413081593138,0.1877879175887739,0.36591553239669794,0.5225,0.3062744140625,"[0.0, 0.625, 0.8125, 0.75]",0.8125,0.75,0.0625,False,15.92709071218269,4114.750219251987
snake-primary-gru-s1,snake,primary,gru,4,descending,65536,1.35,0.55,0.3389175257731959,1.3850480407126535,1.2479438081447418,0.042416780551887585,0.08849541912997232,3.0517578125e-05,0.00015034208270797331,0.1876152404428747,0.3413114270914565,0.4375,0.269775390625,"[0.625, 0.6875, 0.9375, 1.4375]",1.4375,1.4375,0.0,True,15.865325416845735,4130.769352541244
snake-primary-gru-s2,snake,primary,gru,4,descending,65536,0.825,0.625,0.37214137214137216,1.3841168422214396,1.187441747014896,0.04412332842806431,0.10643093009469441,0.0001983642578125,0.0002684302786115203,0.19198195722130384,0.38792390491678275,0.55,0.301025390625,"[0.0, 0.25, 0.8125, 0.6875]",0.8125,0.6875,0.125,False,15.953010831784923,4108.064658830764
snake-primary-linear-s0,snake,primary,linear,4,descending,65536,0.875,0.525,0.29271916790490343,1.3325077483776078,1.13120058851836,0.37952028373428326,0.16758837214194403,0.003143310546875,0.0003228029561515965,2.282907450664834,1.6987546478616742,0.47375,0.28363037109375,"[0.375, 0.9375, 0.875, 0.875]",0.9375,0.875,0.0625,False,12.900565541931428,5080.087364153508
snake-primary-linear-s1,snake,primary,linear,4,descending,65536,1.5,0.44999999999999996,0.27681307456588355,1.3441408100379806,1.1454508987557417,0.38141273335427694,0.16866604239045557,0.0018768310546875,0.0002318722459909659,2.3311148061911258,1.7284834544158136,0.5787499999999999,0.2691650390625,"[0.75, 0.875, 1.375, 1.4375]",1.4375,1.4375,0.0,True,12.982340793998446,5048.088094428731
snake-primary-linear-s2,snake,primary,linear,4,descending,65536,1.025,0.525,0.3325635103926097,1.3406034117904053,1.1234493683512254,0.37494188867682043,0.17123819431487253,0.000640869140625,0.00011143206709311734,2.2460077054693435,1.6936730495813686,0.5225,0.2762451171875,"[0.5, 0.5, 0.8125, 0.9375]",0.9375,0.9375,0.0,True,13.052855168818496,5020.817219864404
snake-primary-mlp-s0,snake,primary,mlp,4,descending,65536,0.725,0.32499999999999996,0.3937125748502994,1.3815761442636518,1.1984523902719824,0.07662788889111993,0.08362270451553816,0.0006103515625,0.0002859719406013098,0.34630643139160244,0.47889002592298685,0.39749999999999996,0.28851318359375,"[0.125, 0.4375, 0.625, 0.6875]",0.6875,0.6875,0.0,True,14.891309372032993,4400.956179386184
snake-primary-mlp-s1,snake,primary,mlp,4,descending,65536,0.65,0.525,0.39378238341968913,1.3843686204561778,1.1797870014593728,0.07489849720922276,0.0878437878310124,0.0020599365234375,0.00037001055769711173,0.3414140206931306,0.4961678824542284,0.44375,0.2862548828125,"[0.25, 0.5, 0.6875, 0.75]",0.75,0.75,0.0,True,14.989950413932092,4371.995783194116
snake-primary-mlp-s2,snake,primary,mlp,4,descending,65536,0.55,0.44999999999999996,0.3824561403508772,1.3825454556085222,1.1979336072453937,0.07445777410904864,0.06896459603340216,0.000457763671875,0.00019583701526527773,0.3535633946424066,0.4632510006655711,0.33999999999999997,0.3050537109375,"[0.4375, 0.4375, 0.5625, 0.6875]",0.6875,0.6875,0.0,True,15.38834654103266,4258.807132088546
snake-ticks-linear-s0,snake,ticks,linear,8,descending,65536,3.45,0.5,0.2739891369945685,1.345980559971779,1.0929581604155338,0.383892573336326,0.18296426755846834,0.0009765625,0.00015389337734020856,2.1371858566189266,1.716208359058339,0.9762500000000001,0.27398681640625,"[0.9375, 2.0, 3.125, 2.9375]",3.125,2.9375,0.1875,False,24.468921254156157,2678.3362993114547
snake-ticks-linear-s1,snake,ticks,linear,8,descending,65536,3.35,0.625,0.28890347997373605,1.3457965644885483,1.0435736970869045,0.37674356714974677,0.18391349116400246,0.0001983642578125,0.00011064714382460198,2.114251840674595,1.6451511409057318,1.04,0.26776123046875,"[1.25, 1.6875, 3.6875, 4.0625]",4.0625,4.0625,0.0,True,25.675583166943397,2552.4639332973666
snake-ticks-linear-s2,snake,ticks,linear,8,descending,65536,3.15,0.625,0.282033426183844,1.3458322618952712,1.072642571141138,0.39061480160842776,0.1766373520214896,0.0009307861328125,0.0001309239042929412,2.1795546024028307,1.6830153209837642,0.98,0.27215576171875,"[0.9375, 1.875, 3.5, 2.875]",3.5,2.875,0.625,False,26.122706039750483,2508.775312185306
